STATION_NAME,x,y,MEAN_TEMPERATURE,MAX_REL_HUMIDITY,SPEED_MAX_GUST,TOTAL_PRECIPITATION,fwi
CALGARY INTL A,-114.01333333333334,51.1225,1.8,100.0,36.0,0.7,3.6607005331273306
CALGARY INT'L CS,-114.00029722222222,51.10944722222222,1.4,96.0,34.0,1.0,3.2090882838410466
CALGARY SPRINGBANK A,-114.37138888888887,51.10527777777778,0.9,97.0,32.0,0.0,3.5954774517232484
CLARESHOLM,-113.63863611111113,50.003630555555546,2.6,92.0,35.0,0.4,5.0575824578893425
COP UPPER,-114.22224722222221,51.07611666666666,1.5,96.0,34.0,0.5,4.159123947123381
LETHBRIDGE,-112.79888888888887,49.63027777777778,1.9,94.0,42.0,0.8,5.744268460213801
PINCHER CREEK,-113.99722222222222,49.520555555555546,1.4,92.0,59.0,0.0,14.066617697207768
PINCHER CREEK CLIMATE,-114.00472250000001,49.5216675,1.5,92.0,63.0,0.0,16.348738362639775
STAVELY AAFC,-113.88333333333334,50.18333333333333,2.9,83.0,49.0,0.3,11.765880971509215
MILK RIVER,-112.05,49.13333333333333,1.6,94.0,39.0,5.1,0.06977569102296048
ONEFOUR CDA,-110.46666666666668,49.11666666666667,-0.7,97.0,36.0,1.3,2.8533689280363523
BEAVER MINES,-114.175,49.46791666666667,2.5,94.0,58.0,0.0,12.852176254500954
BOW VALLEY,-115.06666666666666,51.08333333333334,1.0,96.0,59.0,2.3,4.467634728090103
WATERTON PARK GATE,-113.80861388888887,49.13113333333333,3.0,94.0,58.0,2.7,3.521866525473591
FORT MCMURRAY A,-111.22333333333331,56.65333333333334,-3.3,94.0,32.0,0.0,4.102374116263491
FORT CHIPEWYAN,-111.11722222222221,58.76722222222222,-9.3,95.0,32.0,0.0,4.106832127300221
HIGH LEVEL A,-117.16472222222221,58.62166666666667,-2.2,87.0,35.0,0.4,5.814595049863457
PEACE RIVER A,-117.44833333333334,56.227222222222224,0.2,92.0,32.0,0.0,4.3480235596032
SATURNA ISLAND CS,-123.04474499999999,48.7839075,11.7,98.0,47.0,20.6,0.00029505075632346907
VICTORIA UNIVERSITY CS,-123.30461111111113,48.457,12.5,98.0,42.0,37.2,7.14232635094231e-05
VICTORIA GONZALES CS,-123.32477555555555,48.413304444444435,12.2,99.0,60.0,34.8,6.797877399870248e-05
VICTORIA INTL A,-123.42583333333332,48.647222222222226,12.4,100.0,48.0,27.9,1.1160389193401224e-05
BALLENAS ISLAND,-124.1602777777778,49.35027777777778,11.8,96.0,55.0,14.6,0.007783902134337557
COMOX A,-124.9,49.71666666666667,12.2,95.0,39.0,24.6,0.001610163133143439
ENTRANCE ISLAND,-123.81055583333334,49.208665277777776,12.2,100.0,46.0,6.6,0.0031299971847999083
FANNY ISLAND,-125.99289583333334,50.4535175,9.8,95.0,42.0,12.6,0.00618938535902478
PORT HARDY A,-127.36666666666666,50.680555555555564,10.1,99.0,69.0,12.9,0.0013923121953871636
QUALICUM BEACH AIRPORT,-124.39388888888891,49.33722222222222,11.3,98.0,38.0,10.5,0.0010331075298242176
ESTEVAN POINT CS,-126.54310916666668,49.383309444444436,12.5,100.0,68.0,20.8,6.621262014469281e-05
SARTINE ISLAND (AUT),-128.90805555555556,50.82111111111111,10.1,99.0,97.0,19.2,0.0019723630632788865
SOLANDER ISLAND (AUT),-127.93999972222224,50.111509999999996,11.2,100.0,114.0,5.8,0.2073573491168897
HOWE SOUND - PAM ROCKS,-123.29945277777777,49.48778027777778,11.7,94.0,71.0,15.4,0.08849721936633806
SECHELT AUT,-123.7152625,49.45799666666666,11.8,98.0,37.0,16.2,0.00027650358535942515
SQUAMISH AIRPORT,-123.16119444444445,49.78320833333333,9.6,99.0,33.0,30.5,1.3971621752921244e-05
CAPE ST JAMES,-131.01583333333335,51.93583333333334,9.2,100.0,57.0,8.9,0.0010055485486047775
LANGARA ISLAND RCS,-133.05848805555556,54.255388055555564,8.3,94.0,31.0,0.0,3.8886856831299386
ROSE SPIT (AUT),-131.66132583333334,54.15914,8.8,95.0,38.0,0.0,5.348982449236412
SANDSPIT,-131.81388888888893,53.25416666666667,10.0,89.0,35.0,0.0,5.814330111226535
BELLA BELLA,-128.15666666666667,52.185,7.6,99.0,58.0,47.6,2.9105341377405534e-05
BELLA COOLA AIRPORT,-126.58694444444444,52.3886111111111,5.4,96.0,41.0,9.6,0.00413352256565651
BONILLA ISLAND (AUT),-130.639,53.492849722222225,9.9,87.0,40.0,0.0,7.764662959103148
CATHEDRAL POINT (AUT),-127.47116111111113,52.18745277777778,8.7,97.0,80.0,17.2,0.008962990155839626
CUMSHEWA ISLAND,-131.60155527777778,53.030409999999996,10.7,83.0,34.0,0.0,6.684779208728013
GREY ISLET (AUT),-130.6978,54.58031999999999,10.0,81.0,87.0,0.0,48.91844516915491
HERBERT ISLAND (AUT),-127.63205,50.93976111111111,10.5,95.0,95.0,11.8,0.3696975932924027
HOLLAND ROCK,-130.36085,54.17223388888889,9.8,81.0,44.0,0.0,10.683989489484246
TERRACE A,-128.57833333333335,54.46861111111111,3.8,97.0,69.0,2.6,5.221706178717008
WILLIAMS LAKE A,-122.05444444444444,52.18333333333333,2.1,97.0,37.0,6.1,0.011580448468184405
ABBOTSFORD A,-122.36,49.025277777777774,12.0,98.0,53.0,37.1,0.0001521632315612215
AGASSIZ RCS,-121.76027777777777,49.243055555555564,10.7,100.0,43.0,30.8,6.956944225717516e-06
POINT ATKINSON,-123.26472222222222,49.33036111111111,11.9,98.0,33.0,29.9,4.9078789096441164e-05
VANCOUVER SEA ISLAND CCG,-123.18723611111109,49.1825,12.7,98.0,33.0,15.6,0.0002469554759584119
VANCOUVER INTL A,-123.18388888888887,49.194722222222225,12.5,100.0,46.0,15.5,5.783538037775762e-05
WHITE ROCK CAMPBELL SCIENTIFIC,-122.78388888888891,49.01805555555556,11.9,96.0,31.0,26.4,0.0003113929889598293
HOPE A,-121.49805555555555,49.36833333333333,10.4,97.0,48.0,25.7,0.0004811784293961818
HOPE AIRPORT,-121.49347222222221,49.36983333333333,10.5,96.0,45.0,25.3,0.0009489681881605729
PENTICTON A,-119.60222222222221,49.4625,6.3,96.0,49.0,5.7,0.06380877497279507
CLINTON A,-121.68472222222222,51.26638888888889,0.9,99.0,50.0,4.5,0.054414865717689546
KAMLOOPS A,-120.44861111111109,50.7025,3.5,94.0,33.0,6.0,0.0272176453964452
KAMLOOPS AUT,-120.44194444444445,50.702222222222225,3.8,92.0,31.0,6.9,0.023789692985425995
BRANDON A,-99.95222222222222,49.91,-1.5,100.0,34.0,0.0,3.6002142832588295
CARBERRY CS,-99.35744444444444,49.905805555555546,-0.9,94.0,32.0,0.0,4.064119818441777
DEERWOOD RCS,-98.31925,49.39983333333333,-0.5,84.0,41.0,0.0,8.15681870675913
EMERSON AUTO,-97.2375,49.0,-3.1,99.0,35.0,0.0,3.9934826237499315
GRETNA (AUT),-97.56000083333332,49.03083444444446,-2.3,95.0,37.0,0.0,5.082184039041106
KLEEFELD (MAFRI),-96.90111111111109,49.51777777777777,-1.7,94.0,39.0,0.0,5.764840484452738
PILOT MOUND (AUT),-98.90486111111113,49.19102777777778,-4.4,98.0,34.0,0.0,3.96672590957718
GEORGE ISLAND (AUT),-97.61639666666666,52.818615,0.0,92.0,61.0,1.4,10.204338929007447
GIMLI CLIMATE,-97.05,50.63333333333333,-0.6,93.0,36.0,0.0,5.143452243867566
GREAT FALLS CLIMATE,-95.97722222222221,50.5222225,-1.0,89.0,34.0,0.0,5.264793630328509
GRAND RAPIDS (AUT),-99.26780500000001,53.18640666666667,-2.9,93.0,36.0,0.7,4.503278135540707
DAUPHIN CS,-100.05688888888888,51.100388888888894,1.3,87.0,39.0,0.0,7.023236514602508
DAUPHIN,-100.0525,51.10083333333333,0.9,86.0,33.0,0.0,5.451419609063837
OAKPOINT MARINE,-98.036675,50.49945666666667,0.4,89.0,41.0,0.0,7.279617679132056
SWAN RIVER RCS,-101.23291666666668,52.11497222222222,-1.0,85.0,35.0,0.0,6.099610661170946
FLIN FLON,-101.68333333333334,54.68333333333333,-4.6,97.0,35.0,3.6,0.10910240310027708
THE PAS A,-101.09111111111109,53.971388888888896,-2.7,94.0,50.0,0.2,9.37492820085364
THE PAS CLIMATE,-101.1,53.96666666666667,-2.6,91.0,45.0,1.4,4.829296067706109
CHURCHILL A,-94.06638888888891,58.73916666666667,-8.3,84.0,67.0,0.0,21.998881339970193
CHURCHILL CLIMATE,-94.06666666666666,58.73333333333333,-8.1,87.0,66.0,0.0,20.25475070273084
GILLAM,-94.70417333333332,56.35889666666666,-8.9,83.0,47.0,0.0,10.571300275482663
ISLAND LAKE A,-94.65361111111109,53.85722222222223,-4.8,92.0,46.0,1.4,4.996535709298844
KELSEY DAM CS,-96.50972222222221,56.0375,-8.6,87.0,32.0,0.0,5.080053318935275
LYNN LAKE,-101.07611111111113,56.863888888888894,-10.6,94.0,37.0,0.0,5.467668180118894
TADOULE LAKE CS,-98.50166666666668,58.71583333333334,-9.5,75.0,54.0,0.0,15.418901569257798
BAS CARAQUET,-64.83333333333333,47.80222222222223,1.2,69.0,39.0,0.0,9.71942035410308
BATHURST A,-65.73888888888891,47.62972222222222,0.5,76.0,41.0,0.0,9.46903527223424
CHARLO AUTO,-66.33416666666666,47.99,-0.2,73.0,40.0,0.5,9.450167805217465
MIRAMICHI RCS,-65.465,47.009444444444455,-0.2,78.0,34.0,0.0,6.721921187061768
DOAKTOWN AUTO RCS,-66.00974194444444,46.585025,-1.0,92.0,36.0,0.0,5.3114842355755485
FREDERICTON INTL A,-66.53722222222223,45.86888888888889,-0.9,86.0,33.0,0.0,5.423981257335276
FREDERICTON CDA CS,-66.60889166666666,45.92027777777778,-0.1,92.0,35.0,0.0,5.055093644246891
MECHANIC SETTLEMENT,-65.16501111111111,45.693622222222224,-2.8,86.0,37.0,0.0,6.52499873474133
MISCOU ISLAND (AUT),-64.49416888888891,48.008889444444435,1.4,79.0,49.0,0.0,12.540826174029284
MONCTON/GREATER MONCTON ROMEO LEBLANC INTL A,-64.67861111111111,46.11222222222222,-1.1,79.0,38.0,0.0,7.847258293815863
SAINT JOHN A,-65.89,45.316111111111105,-0.9,95.0,35.0,0.0,4.577790446190551
ARGENTIA (AUT),-53.99817305555555,47.310632777777776,3.3,94.0,71.0,1.7,13.349756931284865
BADGER (AUT),-56.06666666666667,48.96666666666667,-2.5,98.0,34.0,5.1,0.01481078989224879
BONAVISTA,-53.11416666666667,48.66722222222222,2.3,100.0,95.0,8.9,0.0066867704549543544
BURGEO NL,-57.61666666666667,47.61666666666667,2.2,90.0,58.0,0.2,14.249763895336345
CORMACK RCS,-57.393336111111104,49.32195305555555,0.3,96.0,38.0,0.6,4.848818035090119
DANIEL'S HARBOUR,-57.58083333333333,50.23583333333333,0.0,88.0,43.0,0.3,8.138901115871342
DEER LAKE A,-57.39444444444445,49.20916666666667,0.5,98.0,38.0,1.8,1.8209800573742978
ENGLEE (AUT),-56.11277777777778,50.721111111111114,1.1,80.0,50.0,0.0,12.797860996742397
FEROLLE POINT (AUT),-57.1,51.01666666666666,0.3,85.0,43.0,0.0,8.722870990876253
GANDER INTL A,-54.568055555555546,48.936944444444435,-1.6,100.0,64.0,11.0,0.0005908901062101415
GANDER AIRPORT CS,-54.56694444444446,48.94611111111111,-1.3,100.0,54.0,9.6,0.0005621628147329079
LA SCIE,-55.66666666666666,49.91666666666666,-2.2,98.0,44.0,9.9,0.0009329934222252304
PORT AUX BASQUES,-59.154722222222226,47.573888888888895,3.0,80.0,53.0,0.0,14.548700961036573
ST. ANTHONY A,-56.06888888888889,51.391944444444455,-2.9,82.0,33.0,0.0,5.897740189606246
ST. JOHN'S INTL A,-52.7525,47.618611111111115,1.3,100.0,68.0,8.6,0.0020619225689820137
ST JOHNS WEST CLIMATE,-52.78333888888889,47.51335555555556,2.2,100.0,55.0,7.7,0.0019752457291471737
ST LAWRENCE,-55.38333333333333,46.91666666666666,1.8,96.0,53.0,6.1,0.04548043670485595
STEPHENVILLE A,-58.55,48.541388888888896,1.9,92.0,50.0,0.0,9.859836641191743
STEPHENVILLE RCS,-58.566111111111105,48.56138888888889,1.4,90.0,44.0,0.0,8.089643186289928
CARTWRIGHT A,-57.041944444444454,53.6825,-4.3,85.0,32.0,0.0,5.278813645439903
GOOSE BAY A,-60.41666666666666,53.31666666666667,-4.5,76.0,37.0,0.0,7.780300230969236
MARY'S HARBOUR A,-55.84777777777778,52.30277777777778,-2.7,79.0,32.0,0.0,5.952828651608166
WABUSH A,-66.86472222222223,52.922777777777775,-5.2,89.0,46.0,0.4,9.036332825876901
BACCARO PT,-65.47166666666666,43.45083333333334,2.9,78.0,38.0,0.0,8.21308220800051
BRIER ISLAND,-66.34666666666666,44.285833333333336,4.4,66.0,56.0,0.0,20.279127949293958
CARIBOU POINT (AUT),-62.68333333333333,45.76666666666666,3.0,93.0,62.0,0.7,14.438025665111423
CHETICAMP HIGHLANDS NATIONAL PARK,-60.954663888888895,46.65114722222222,4.2,93.0,32.0,3.5,0.24503847596282774
COLLEGEVILLE AUTO,-62.01497222222223,45.49119444444445,0.6,97.0,31.0,0.5,3.4038686921488495
DEBERT,-63.46666666666667,45.41666666666666,-0.5,90.0,41.0,0.0,7.08403447388176
ESKASONI FIRST NATION AUTOMATIC WEATHER STATION,-60.646944444444436,45.920555555555545,5.1,96.0,37.0,0.7,4.47046821547144
GREENWOOD A,-64.91666666666667,44.98333333333333,1.0,89.0,39.0,0.0,6.663389243108979
HALIFAX STANFIELD INT'L A,-63.50861111111111,44.88111111111111,-0.3,83.0,46.0,0.0,10.263466165424385
KEJIMKUJIK 1,-65.203075,44.403061111111114,0.8,91.0,33.0,0.0,4.725507068720076
KENTVILLE CDA CS,-64.48333333333333,45.06666666666667,1.3,81.0,37.0,0.2,7.340456333322405
LOUISBOURG,-59.971388888888896,45.92111111111111,3.0,95.0,42.0,2.0,2.3598403830205514
NAPPAN AUTO,-64.24144444444444,45.759555555555565,0.0,95.0,38.0,0.4,5.294935663201988
NORTH MOUNTAIN CS,-60.672222222222224,46.81694444444446,0.1,98.0,43.0,3.1,0.3017055324636582
UPPER STEWIACKE RCS,-63.055277777777775,45.233055555555545,0.0,99.0,33.0,0.0,3.5147072874434606
PORT HAWKESBURY,-61.368055555555564,45.65666666666666,1.9,96.0,45.0,10.7,0.003321130977678816
SABLE ISLAND,-60.00833333333333,43.93138888888889,6.7,87.0,60.0,1.9,9.15149198636773
SHEARWATER RCS,-63.51333333333334,44.62972222222222,1.5,77.0,42.0,0.2,9.786463295703811
SYDNEY A,-60.048055555555564,46.161388888888894,2.7,97.0,50.0,5.2,0.0572313717289024
SYDNEY CS,-60.04166666666666,46.16333333333333,2.7,100.0,47.0,7.0,0.0022680871154897183
TRACADIE,-61.67972777777778,45.60835555555556,2.2,95.0,128.0,4.5,22.684498053191792
WESTERN HEAD,-64.66416888888891,43.990019444444435,1.4,85.0,32.0,0.0,5.336933653103379
COLVILLE LAKE,-126.123075,67.0214,-5.7,91.0,36.0,0.7,4.6977976379114965
COLVILLE LAKE A,-126.12861111111113,67.02111111111111,-5.6,97.0,45.0,0.2,7.021140500310296
DELINE CS,-123.43335277777778,65.20863611111109,-5.7,91.0,32.0,1.4,2.120204196037056
HANBURY RIVER,-105.13333333333334,63.6,-11.0,84.0,65.0,0.0,20.53129201683402
INNER WHALEBACKS,-113.7264,61.9202861111111,-5.8,86.0,48.0,0.0,10.437583259160284
PAULATUK,-124.08250138888887,69.35777888888889,-10.0,88.0,35.0,0.4,5.7569618661016
TUKTOYAKTUK,-133.01666666666668,69.43333333333334,-7.8,94.0,41.0,3.5,0.24103390391858404
TUKTUT NOGAIT,-122.35916666666668,69.19888888888889,-14.8,88.0,40.0,7.4,0.01493610848002691
TRAIL VALLEY,-133.50177777777782,68.74633333333334,-9.0,93.0,36.0,3.3,0.24228372286905903
NANGMAGVIK LAKE,-119.98888888888891,74.1388888888889,-12.2,89.0,38.0,0.0,6.519469723176008
HOLMAN CS,-117.80000055555556,70.76138944444446,-12.6,85.0,52.0,0.2,12.542077683085687
SACHS HARBOUR CLIMATE,-125.25416666666666,71.9925,-14.5,90.0,48.0,0.0,9.887553054094397
MOULD BAY CS,-119.34723333333334,76.23751666666666,-15.2,88.0,38.0,0.1,6.735702274220628
ARVIAT A,-94.07166666666667,61.09388888888889,-7.9,93.0,81.0,0.0,30.342269065500158
BAKER LAKE CLIMATE,-96.0,64.31666666666666,-8.0,92.0,74.0,0.0,24.43612491919109
BAKER LAKE A,-96.07777777777778,64.29888888888888,-7.7,92.0,78.0,0.6,26.72315819200885
BATHURST INLET,-108.01473055555556,66.83751388888889,-8.1,87.0,60.0,0.0,16.304683836204948
KUGLUKTUK A,-115.14388888888891,67.81666666666666,-8.6,73.0,40.0,0.0,9.091514495313918
KUGLUKTUK CLIMATE,-115.13527777777777,67.81722333333333,-8.5,72.0,37.0,0.0,8.101320501575781
CORAL HARBOUR A,-83.35944444444445,64.19333333333333,-12.6,98.0,36.0,0.0,4.682043163302345
CORAL HARBOUR RCS,-83.35,64.18333333333334,-12.2,94.0,32.0,0.0,4.325126791697214
ENNADAI LAKE (AUT),-100.88388888888888,61.131944444444436,-10.6,87.0,88.0,0.0,42.361573928538064
ARVIAT CLIMATE,-94.06666666666666,61.1,-7.9,97.0,79.0,0.0,26.097284543674636
GJOA HAVEN A,-95.85027777777779,68.63555555555557,-3.9,100.0,58.0,0.0,11.04264127775589
GJOA HAVEN CLIMATE,-95.85027777777779,68.63555555555557,-3.9,97.0,65.0,2.3,5.361084458604409
KUGAARUK CLIMATE,-89.79639444444445,68.53751666666666,-6.7,95.0,59.0,1.4,8.934548485743601
RANKIN INLET A,-92.11472222222223,62.810555555555545,-7.4,94.0,48.0,4.0,0.21327079498802398
ROBERTSON LAKE (AUT),-102.42944444444444,65.09972222222223,-10.1,91.0,87.0,4.9,1.9640431923020925
LUPIN CS,-111.24584166666666,65.75529166666666,-11.6,78.0,56.0,0.0,16.008817724372797
QIKIQTARJUAQ CLIMATE,-64.03344444444444,67.54741666666666,-3.1,92.0,46.0,0.0,8.37166388204148
QIKIQTARJUAQ A,-64.03166666666667,67.54666666666667,-3.2,94.0,48.0,0.0,8.635115795872277
CAMBRIDGE BAY GSN,-105.13833333333334,69.10805555555554,-10.9,90.0,72.0,1.2,16.687671101430123
KINNGAIT,-76.53044444444444,64.23075,-4.9,89.0,45.0,0.2,8.66178905016074
KINNGAIT AIRPORT,-76.525,64.23027777777777,-4.3,95.0,46.0,0.0,7.7361250981243925
CAPE LIVERPOOL,-78.29335277777777,73.66806388888891,-8.4,97.0,33.0,0.0,4.0158570625923495
CLYDE RIVER CLIMATE,-68.51666666666667,70.48333333333333,-2.4,97.0,53.0,2.2,3.118583105114558
FORT ROSS,-94.19778333333332,72.01779444444446,-7.5,86.0,66.0,0.0,20.583910800042684
GRISE FIORD CLIMATE,-82.90222777777778,76.42278888888889,-9.5,68.0,32.0,0.0,6.78362617999014
SANIRAJAK,-81.24361111111111,68.77611111111109,-2.3,99.0,60.0,1.3,9.538483813305364
SANIRAJAK AIRPORT,-81.2425,68.77583333333334,-2.4,98.0,61.0,0.0,13.039927496118612
PANGNIRTUNG,-65.71125,66.14341666666667,-0.1,92.0,59.0,0.2,14.059495379418731
POND INLET CLIMATE,-77.9575,72.69333333333333,-2.0,69.0,74.0,0.0,34.222019130901394
POND INLET A,-77.96888888888887,72.68944444444446,-1.9,74.0,63.0,0.0,22.201251316139285
RESOLUTE BAY A,-94.96944444444445,74.71694444444445,-11.5,85.0,84.0,0.0,38.38552317041151
RESOLUTE CS,-94.9830575,74.71583472222223,-11.0,87.0,82.0,0.0,34.967191624671244
WAGER BAY (AUT),-89.44583333333334,65.87916666666666,-6.9,90.0,40.0,0.0,6.8446206528707645
ATTAWAPISKAT A,-82.43194444444444,52.9275,-6.1,98.0,48.0,0.0,7.791791414265525
BIG TROUT LAKE A,-89.89694444444444,53.81777777777778,-6.0,98.0,33.0,1.1,2.709709163274916
BIG TROUT LAKE,-89.89166666666668,53.816111111111105,-6.0,91.0,37.0,2.5,0.7602814129513435
FORT SEVERN A,-87.67611111111111,56.018888888888895,-9.1,83.0,52.0,0.0,12.876081312301107
LANSDOWNE HOUSE A,-87.93416666666668,52.195555555555565,-4.2,100.0,52.0,2.0,3.1354600961877557
LANSDOWNE HOUSE (AUT),-87.93611111111113,52.19611111111111,-4.1,93.0,49.0,4.0,0.30094938332112564
PEAWANUCK (AUT),-85.43333333333334,54.98333333333333,-8.6,77.0,40.0,0.0,8.640665471054675
PEAWANUCK A,-85.44333333333333,54.98805555555556,-8.8,79.0,45.0,0.0,10.34158690969874
PICKLE LAKE (AUT),-90.21777972222222,51.449166944444436,-4.1,93.0,39.0,3.1,0.41290171719714014
PICKLE LAKE A,-90.21416666666669,51.44638888888889,-4.2,93.0,45.0,0.0,7.831605573791086
DRYDEN REGIONAL,-92.74416666666669,49.8275,-2.2,98.0,35.0,0.0,4.125714350931949
KENORA RCS,-94.37777777777778,49.790555555555564,-1.8,100.0,39.0,0.0,4.696326516936487
KENORA A,-94.36305555555555,49.78833333333333,-1.0,95.0,39.0,0.0,5.569555536663208
SIOUX LOOKOUT A,-91.90805555555555,50.11416666666667,-2.5,90.0,36.0,0.0,5.6431678846022555
SIOUX LOOKOUT AIRPORT,-91.90555555555555,50.11416666666667,-2.2,90.0,40.0,0.3,6.780333833503296
ARMSTRONG A,-88.90972222222223,50.290277777777774,-3.5,91.0,41.0,0.0,6.9209626380255305
CARIBOU ISLAND (AUT),-85.83333333333333,47.33333333333334,5.3,84.0,58.0,0.2,16.573351195813142
PUKASKWA (AUT),-86.28722222222223,48.60777777777778,2.4,82.0,36.0,0.0,6.924920921635114
TERRACE BAY AIRPORT,-87.09167805555555,48.815570555555546,1.7,97.0,34.0,0.4,3.9960322578603837
WELCOME ISLAND (AUT),-89.11944444444444,48.36916666666666,2.2,77.0,39.0,0.0,8.675893636542453
SAULT STE MARIE A,-84.50972222222222,46.485,4.6,94.0,31.0,0.0,3.844948502965533
SAULT STE. MARIE AIRPORT,-84.51666666666667,46.478055555555564,4.8,86.0,31.0,0.0,5.053507570694816
SUDBURY CLIMATE,-80.79613333333333,46.632247222222226,1.7,92.0,35.0,0.3,5.050438166527967
SUDBURY A,-80.79777777777778,46.625555555555565,1.9,93.0,38.0,0.0,5.64666555923591
EARLTON A,-79.84888888888891,47.695,0.3,93.0,37.0,0.0,5.390855273011198
EARLTON CLIMATE,-79.84888888888891,47.695,0.6,91.0,33.0,0.0,4.725521804377889
KAPUSKASING A,-82.46833333333333,49.41166666666667,-0.4,82.0,35.0,0.0,6.5174973663200015
KAPUSKASING CDA ON,-82.44361111111111,49.40638888888889,0.0,82.0,34.0,0.0,6.2371214973739635
MOOSONEE,-80.60777777777777,51.291111111111114,-3.1,87.0,39.0,0.0,6.979938071460124
OGOKI POST A,-85.90111111111109,51.658611111111114,-3.7,99.0,37.0,0.0,4.448825047752928
TIMMINS CLIMATE,-81.39027777777778,48.55722222222222,0.6,92.0,35.0,0.1,5.052402218552764
TIMMINS A,-81.37666666666667,48.570555555555565,0.4,92.0,35.0,0.0,5.053064112774094
NORTH BAY A,-79.42416666666666,46.363888888888894,0.1,95.0,33.0,0.0,4.117077516697669
NORTH BAY AIRPORT,-79.4025,46.375,1.0,93.0,34.0,0.2,4.648273988065973
GORE BAY-MANITOULIN,-82.56722222222223,45.88166666666667,5.4,75.0,50.0,0.0,14.425930892687589
GORE BAY CLIMATE,-82.56666666666666,45.88333333333333,5.6,75.0,45.0,0.0,11.890279394281034
BROCKVILLE CLIMATE,-75.74833333333333,44.63527777777777,1.7,88.0,45.0,0.0,8.893960369307035
KEMPTVILLE CS,-75.63333333333334,45.0,2.4,89.0,36.0,0.0,5.820409948754415
KINGSTON CLIMATE,-76.59944444444444,44.223333333333336,3.5,79.0,47.0,0.0,11.769769693000848
MOOSE CREEK WELLS,-74.96277777777777,45.25111111111111,1.7,91.0,33.0,0.1,4.726610995389438
OTTAWA CDA RCS,-75.71666666666667,45.38333333333333,2.6,86.0,35.0,0.1,6.031332663024314
OTTAWA INTL A,-75.66666666666667,45.31666666666667,2.1,90.0,39.0,0.0,6.4916101542589075
BEATRICE CLIMATE,-79.40277777777777,45.140277777777776,3.1,82.0,31.0,0.3,5.516522726729458
BARRIE-ORO,-79.55,44.48333333333333,4.3,73.0,38.0,0.0,9.074458015363055
WIARTON A,-81.10861111111113,44.74416666666666,4.7,82.0,44.0,0.8,7.529428894281725
EGBERT CS,-79.78333333333333,44.23333333333333,4.1,74.0,36.0,0.0,8.172239121871094
GODERICH,-81.71666666666667,43.76666666666666,6.6,70.0,47.0,0.0,14.086201293361032
SARNIA,-82.30888888888889,42.999444444444435,4.1,79.0,46.0,0.0,11.371103823422462
SARNIA CLIMATE,-82.3,43.0,4.0,80.0,44.0,0.0,10.284265098437933
TOBERMORY RCS,-81.63333333333334,45.23333333333333,6.0,67.0,42.0,0.0,11.989322869428907
CHATHAM KENT,-82.0825,42.30583333333333,4.1,81.0,50.0,0.0,12.84021148095025
DELHI CS,-80.55,42.86666666666667,2.9,75.0,35.0,0.1,7.595896703192826
HARROW CDA AUTO,-82.9,42.03333333333333,6.9,72.0,38.0,0.0,9.534521919213404
PORT WELLER (AUT),-79.21666666666667,43.25,6.2,73.0,41.0,0.0,10.527573957595598
RIDGETOWN RCS,-81.88333333333334,42.45,3.7,81.0,43.0,0.0,9.655045518515939
VINELAND STATION RCS,-79.4,43.18333333333333,5.2,72.0,43.0,0.0,11.459966455640014
WELLAND-PELHAM,-79.33333333333333,42.96666666666667,2.9,93.0,38.0,0.0,5.656655434987055
BRANTFORD AIRPORT,-80.33138888888891,43.1375,3.2,79.0,46.0,0.0,11.280335028114418
ELORA RCS,-80.41666666666667,43.65,3.6,80.0,46.0,0.0,11.11520008044856
KITCHENER/WATERLOO,-80.37861111111111,43.46083333333333,4.0,75.0,48.0,0.0,13.151360932499694
MOUNT FOREST (AUT),-80.75,43.98333333333333,3.0,79.0,37.0,0.0,7.724004348395513
COBOURG (AUT),-78.16666666666667,43.95,4.6,76.0,60.0,0.0,20.404479991649527
HAMILTON A,-79.935,43.173611111111114,2.9,73.0,49.0,0.0,13.94764979690915
OSHAWA,-78.88334472222222,43.922777777777775,4.4,71.0,45.0,0.0,12.483743947671394
POINT PETRE (AUT),-77.15,43.83333333333334,4.2,77.0,59.0,0.0,19.30279563515625
MONO CENTRE,-80.02444722222222,44.03225,2.8,74.0,45.0,0.0,11.731373195027713
TORONTO CITY CENTRE,-79.39611111111111,43.6275,6.4,67.0,50.0,0.0,16.44936445574373
TORONTO INTL A,-79.63055555555556,43.67666666666667,6.2,65.0,44.0,0.0,13.396553468836439
TRENTON A,-77.52805555555554,44.11888888888889,3.3,91.0,43.0,0.0,7.56961906606213
UXBRIDGE WEST,-79.16361666666667,44.098333333333336,4.3,74.0,35.0,0.0,7.8406571032996695
PETERBOROUGH A,-78.36333333333333,44.23,4.0,77.0,37.0,0.0,8.0914538237876
CHARLOTTETOWN A,-63.11916666666666,46.28916666666667,1.9,97.0,36.0,7.0,0.005587529373646356
EAST POINT (AUT),-61.98833333333334,46.46,3.1,90.0,56.0,1.9,6.888832148167133
NORTH CAPE,-63.99861111111111,47.05805555555556,3.3,88.0,58.0,4.8,0.9430709908808923
ST. PETERS,-62.57583333333334,46.45027777777778,2.4,97.0,53.0,6.2,0.029423490640724977
STANHOPE,-63.083055555555546,46.416388888888896,2.6,87.0,44.0,2.3,3.0697873874278256
SUMMERSIDE,-63.83805555555556,46.441111111111105,1.9,82.0,36.0,0.0,6.903159722132044
HARRINGTON CDA CS,-63.169736111111106,46.34361666666667,1.2,98.0,31.0,6.5,0.003783735063053835
BEAUPORT,-71.19722222222222,46.836944444444434,0.8,87.0,39.0,0.0,7.013581655626744
L'ASSOMPTION,-73.43472222222222,45.80944444444446,2.3,96.0,35.0,0.0,4.377151532431637
L'ETAPE,-71.22888888888889,47.562222222222225,-4.5,91.0,32.0,0.7,3.8050185604113733
TROIS RIVIERES A,-72.68055555555556,46.35166666666667,-0.2,97.0,41.0,0.0,5.709854350404795
TROIS-RIVIERES,-72.68333333333334,46.36666666666667,-0.2,93.0,39.0,0.0,5.929486781994879
STE-FOY (U. LAVAL),-71.2875,46.780277777777776,0.5,91.0,32.0,0.0,4.493121974775368
LEMIEUX,-72.06083333333333,46.30361111111111,-0.4,96.0,39.0,0.0,5.375282976420027
QUEBEC/JEAN LESAGE INTL,-71.38166666666666,46.80361111111111,-0.9,89.0,34.0,0.0,5.265108418713873
LENNOXVILLE,-71.82361111111109,45.36888888888889,1.6,86.0,31.0,0.0,4.9576873545588835
MONTREAL INTL A,-73.74083333333333,45.47055555555556,2.6,81.0,44.0,0.0,9.978344394309069
NICOLET,-72.65722222222222,46.22583333333333,1.5,90.0,33.0,0.0,4.878532545810556
SAINT-GERMAIN-DE-GRANTHAM,-72.53697222222222,45.82533333333333,1.0,91.0,36.0,0.0,5.472005601141988
SHERBROOKE,-71.69138888888891,45.43861111111111,-0.1,92.0,35.0,0.0,5.055093644246891
THETFORD MINES RCS,-71.26611222222222,46.04916722222222,-2.7,94.0,31.0,0.0,3.8808942533025426
STE-ANNE-DE-BELLEVUE 1,-73.92916666666666,45.42722222222223,2.6,80.0,41.0,0.0,8.974359318696528
ST-ANICET 1,-74.28944444444444,45.12083333333333,3.2,84.0,44.0,0.0,9.42506197040942
L'ACADIE,-73.34944444444444,45.293888888888894,2.0,94.0,36.0,0.6,4.680323468253258
MONTREAL/PIERRE ELLIOTT TRUDEAU INTL,-73.74166666666666,45.467777777777776,3.6,79.0,39.0,0.8,6.109622900610723
MANIWAKI AIRPORT,-75.99194444444444,46.27472222222222,1.8,84.0,40.0,0.0,7.887348262706114
BAIE-COMEAU A,-68.2,49.13333333333333,-2.3,85.0,51.0,0.0,12.00766678792284
BAIE-COMEAU,-68.20444444444446,49.1325,-2.1,88.0,55.0,4.3,0.7119798524186165
LOURDES DE BLANC SABLON A,-57.18611111111111,51.44194444444446,-1.9,79.0,33.0,0.0,6.253234689011342
CHARLEVOIX (MRC),-70.6375,47.28416666666666,-5.3,95.0,34.0,0.0,4.439387138304986
CHEVERY,-59.639444444444436,50.465,-2.3,85.0,33.0,0.0,5.54313200908979
CAP-TOURMENTE,-70.78083333333333,47.07861111111111,-0.1,100.0,37.0,0.0,4.198452969141355
FORET MONTMORENCY RCS,-71.14833333333333,47.32277777777777,-4.4,93.0,39.0,0.9,4.683354641525379
GRANDES-BERGERONNES,-69.52277777777778,48.258055555555565,-2.2,94.0,33.0,0.0,4.3013102360760955
HAVRE ST. PIERRE,-63.6113888888889,50.281944444444434,-3.5,98.0,52.0,1.8,4.508295288413109
LONGUE-POINTE-DE-MINGAN,-64.22638888888889,50.27138888888889,-4.0,96.0,34.0,0.6,3.9664380537352777
NATASHQUAN A,-61.78888888888889,50.19,-1.3,90.0,52.0,0.0,11.236265244488056
NATASHQUAN AIRPORT,-61.810833611111114,50.19000111111111,-1.0,88.0,49.0,0.0,10.433273608029884
SEPT-ILES,-66.25,50.21666666666667,-3.8,88.0,31.0,0.0,4.677520671157961
POINTE-DES-MONTS,-67.38111111111111,49.31666666666667,0.7,77.0,71.0,0.0,28.586161837542807
CAP-MADELEINE,-65.32472222222222,49.25083333333333,1.4,64.0,43.0,0.0,12.252813792063243
GASPE A,-64.47972222222222,48.775277777777774,-0.4,83.0,32.0,0.0,5.549171395606812
ILES DE LA MADELEINE,-61.77472222222222,47.42527777777778,3.0,88.0,48.0,0.0,10.12336757369716
LA POCATIERE,-70.03194444444446,47.35583333333334,1.4,78.0,57.0,0.0,17.271782705102805
MONT JOLI A,-68.2075,48.60888888888889,0.7,71.0,46.0,0.0,12.499309684089082
MONT-JOLI,-68.19463388888889,48.60441694444446,0.7,71.0,41.0,0.0,10.218013621464884
NEW CARLISLE 1,-65.33166666666666,48.01194444444446,-0.6,75.0,39.0,0.0,8.766975856551703
NEW RICHMOND EAST,-65.841945,48.15640666666667,-1.5,92.0,40.0,0.0,6.410594997462379
POINTE-AU-PERE (INRS),-68.46833333333333,48.51388888888889,1.8,68.0,43.0,0.0,11.682368396415956
PORT-MENIER,-64.29333333333334,49.838611111111106,-1.9,90.0,46.0,0.1,8.794207252145936
RIVIERE-DU-LOUP,-69.5486111111111,47.80583333333333,0.2,71.0,36.0,0.0,8.233091074104177
CAP-CHAT,-66.65444444444445,49.10916666666667,1.2,70.0,52.0,0.0,16.032688114438965
BAGOTVILLE A,-71.0,48.33333333333334,-2.3,95.0,33.0,0.0,4.154321662916012
JONQUIERE,-71.14250027777777,48.425003333333336,-0.5,85.0,46.0,0.0,9.858360057142697
NORMANDIN,-72.54694444444445,48.84166666666667,-2.6,90.0,33.0,0.0,4.883548895376065
ROBERVAL A,-72.26583333333333,48.52,-0.9,82.0,42.0,0.0,8.837155022826867
PARENT,-74.62416861111113,47.92222444444445,-1.1,87.0,32.0,0.1,5.037775931773539
CHIBOUGAMAU CHAPAIS A,-74.52805555555554,49.771944444444436,-2.4,94.0,52.0,1.2,7.224374434879843
CHIBOUGAMAU-CHAPAIS,-74.53029666666667,49.77723833333334,-2.2,92.0,40.0,1.5,3.4434462120876255
LA GRANDE 4 A,-73.67527777777778,53.75472222222222,-5.9,88.0,59.0,0.0,15.393482428302635
LA GRANDE RIVIERE A,-77.70416666666667,53.625277777777775,-6.3,94.0,54.0,2.6,2.307104145566204
LA GRANDE IV,-73.67861111111111,53.757222222222225,-5.8,88.0,49.0,0.7,9.10971501346488
MATAGAMI A,-77.80277777777778,49.76166666666666,-2.2,92.0,37.0,1.0,3.8539860848619765
MATAGAMI,-77.79307222222222,49.75778333333334,-1.9,93.0,32.0,0.3,4.222101198648672
VAL-D'OR,-77.78639083333333,48.05639,-0.6,92.0,35.0,0.0,5.057653265168099
VAL D'OR A,-77.78277777777778,48.05333333333334,-0.5,97.0,35.0,0.0,4.2482091425536135
INUKJUAK A,-78.07694444444445,58.47194444444445,-3.0,91.0,80.0,0.2,30.313283517513458
KUUJJUARAPIK A,-77.76527777777778,55.281944444444434,-5.2,92.0,63.0,0.0,16.427916268603088
KUUJJUARAPIK,-77.56666666666666,55.36666666666667,-5.2,92.0,59.0,7.9,0.048223940261018304
PUVIRNITUQ A,-77.2875,60.05222222222223,-5.9,93.0,68.0,0.2,19.299492448628325
INUKJUAK,-78.07694444444445,58.47194444444445,-3.3,97.0,77.0,1.2,19.601877783409424
KUUJJUAQ A,-68.42222222222222,58.08944444444445,-4.0,85.0,57.0,0.2,15.091311044465726
RIVIERE AUX FEUILLES,-72.97583444444443,57.90944611111111,-4.9,93.0,61.0,0.5,14.899668854085808
SALLUIT,-75.67027944444446,62.17944583333333,-8.1,92.0,68.0,0.0,19.818649722382375
SCHEFFERVILLE A,-66.80527777777777,54.805277777777775,-6.3,93.0,50.0,0.0,9.725873714231065
SCHEFFERVILLE COTE-NORD,-66.80445333333333,54.802519999999994,-6.2,86.0,47.0,0.0,10.024604608410527
CYPRESS HILLS PARK,-109.51444555555555,49.640558055555566,0.7,90.0,31.0,0.0,4.408189960200566
MELFORT,-104.6,52.81666666666667,-2.0,87.0,31.0,0.0,4.794154432203261
PILGER,-105.15,52.41666666666666,-3.3,91.0,32.0,0.0,4.518847558237451
PRINCE ALBERT A,-105.67305555555555,53.21444444444445,-0.6,89.0,34.0,0.0,5.26618992094447
PRINCE ALBERT GLASS FIELD,-105.67666666666666,53.210277777777776,0.0,88.0,32.0,0.0,4.9139376575623395
SASKATOON RCS,-106.71888916666668,52.173611111111114,-0.7,91.0,32.0,0.0,4.495424919325361
BUFFALO NARROWS (AUT),-108.42055805555556,55.840557777777775,-3.0,91.0,35.0,0.4,5.236403892237742
BUFFALO NARROWS A,-108.4175,55.84194444444446,-3.0,91.0,35.0,0.0,5.236403892237742
COLLINS BAY SK,-103.67805555555556,58.22916666666666,-11.6,90.0,32.0,0.3,4.7949476364524495
KEY LAKE,-105.6175,57.25638888888889,-13.2,94.0,33.0,1.3,2.3325232016655906
LA RONGE RCS,-105.27028611111109,55.146394444444454,-5.5,89.0,31.0,0.1,4.571498166896069
LA RONGE A,-105.26694444444445,55.151388888888896,-5.9,96.0,40.0,2.0,1.6399041423228147
STONY RAPIDS,-105.84138888888887,59.250277777777775,-9.0,98.0,35.0,0.0,4.321084535237719
NIPAWIN,-104.0,53.33333333333334,-3.3,91.0,35.0,0.0,5.240097299915633
HUDSON BAY(AUT),-102.31666666666666,52.81666666666667,-1.7,87.0,34.0,0.2,5.54700143867451
HERSCHEL ISLAND,-138.91338888888887,69.56819444444444,-4.3,96.0,46.0,2.8,0.6548491182625332
OLD CROW RCS,-139.83916666666667,67.57055555555556,-5.6,98.0,47.0,0.7,6.788690735209741
