x,y,SNOW_ON_GROUND_FLAG,HEATING_DEGREE_DAYS,LOCAL_YEAR,LOCAL_DATE,MIN_REL_HUMIDITY,TOTAL_SNOW,STATION_NAME,ID,MAX_TEMPERATURE_FLAG,HEATING_DEGREE_DAYS_FLAG,MAX_TEMPERATURE,MEAN_TEMPERATURE,LOCAL_DAY,SPEED_MAX_GUST,MIN_TEMPERATURE,CLIMATE_IDENTIFIER,MEAN_TEMPERATURE_FLAG,TOTAL_RAIN,TOTAL_PRECIPITATION_FLAG,COOLING_DEGREE_DAYS_FLAG,MIN_TEMPERATURE_FLAG,DIRECTION_MAX_GUST,TOTAL_RAIN_FLAG,TOTAL_PRECIPITATION,MAX_REL_HUMIDITY,MAX_REL_HUMIDITY_FLAG,PROVINCE_CODE,MIN_REL_HUMIDITY_FLAG,DIRECTION_MAX_GUST_FLAG,TOTAL_SNOW_FLAG,COOLING_DEGREE_DAYS,SNOW_ON_GROUND,LOCAL_MONTH,SPEED_MAX_GUST_FLAG
-78.36666666666666,44.233333333333334,,15.7,2005,2005-12-25 00:00:00,,4,PETERBOROUGH A,6166418.2005.12.25,,,3,2.3,25,,1.5,6166418,,8.4,,,,,,18.4,,,ON,,,,0,7,12,
-78.36666666666666,44.233333333333334,,18.5,2005,2005-12-26 00:00:00,,1,PETERBOROUGH A,6166418.2005.12.26,,,1,-0.5,26,,-2,6166418,,0,,,,,T,1.4,,,ON,,,,0,5,12,
-78.36666666666666,44.233333333333334,,20.5,2005,2005-12-27 00:00:00,,0,PETERBOROUGH A,6166418.2005.12.27,,,1,-2.5,27,,-6,6166418,,0,,,,,,0,,,ON,,,,0,6,12,
-78.36666666666666,44.233333333333334,,18,2005,2005-12-28 00:00:00,,0,PETERBOROUGH A,6166418.2005.12.28,,,1,0,28,,-1,6166418,,12.2,,,,,,12.2,,,ON,,,,0,6,12,
-78.36666666666666,44.233333333333334,,17.7,2005,2005-12-29 00:00:00,,0,PETERBOROUGH A,6166418.2005.12.29,,,1,0.3,29,,-0.5,6166418,,1.2,,,,,,1.2,,,ON,,,,0,4,12,
-78.36666666666666,44.233333333333334,,24,2005,2005-12-30 00:00:00,,0,PETERBOROUGH A,6166418.2005.12.30,,,-5,-6,30,,-7,6166418,,0,T,,,,,0,,,ON,,,T,0,4,12,
-78.36666666666666,44.233333333333334,,27.8,2005,2005-12-31 00:00:00,,5,PETERBOROUGH A,6166418.2005.12.31,,,-8.5,-9.8,31,,-11,6166418,,0,,,,,,3.8,,,ON,,,,0,4,12,
-78.36666666666666,44.233333333333334,,24,2006,2006-01-01 00:00:00,,0,PETERBOROUGH A,6166418.2006.1.1,,,-3,-6,1,,-9,6166418,,0,T,,,,,0,,,ON,,,T,0,9,1,
-78.36666666666666,44.233333333333334,,20.5,2006,2006-01-02 00:00:00,,0,PETERBOROUGH A,6166418.2006.1.2,,,0.5,-2.5,2,,-5.5,6166418,,0,,,,,,0,,,ON,,,,0,9,1,
-78.36666666666666,44.233333333333334,,18.8,2006,2006-01-03 00:00:00,,0,PETERBOROUGH A,6166418.2006.1.3,,,0,-0.8,3,,-1.5,6166418,,0,,,,,,0,,,ON,,,,0,8,1,
-78.36666666666666,44.233333333333334,,18.3,2006,2006-01-04 00:00:00,,0,PETERBOROUGH A,6166418.2006.1.4,,,2,-0.3,4,,-2.5,6166418,,9.6,,,,,,9.6,,,ON,,,,0,8,1,
-78.36666666666666,44.233333333333334,,17.5,2006,2006-01-05 00:00:00,,0,PETERBOROUGH A,6166418.2006.1.5,,,2,0.5,5,,-1,6166418,,0.6,,,,,,0.6,,,ON,,,T,0,4,1,
-78.36666666666666,44.233333333333334,,26,2006,2006-01-06 00:00:00,,0,PETERBOROUGH A,6166418.2006.1.6,E,E,-6,-8,6,,-10,6166418,E,0,T,E,,,,0,,,ON,,,T,0,4,1,
-78.36666666666666,44.233333333333334,,26,2006,2006-01-07 00:00:00,,8,PETERBOROUGH A,6166418.2006.1.7,,,-1,-8,7,,-15,6166418,,0,,,,,,3.6,,,ON,,,,0,4,1,
-78.36666666666666,44.233333333333334,,20.5,2006,2006-01-08 00:00:00,,3,PETERBOROUGH A,6166418.2006.1.8,,,1,-2.5,8,,-6,6166418,,0,,,,,,1.8,,,ON,,,,0,12,1,
-78.36666666666666,44.233333333333334,,18.3,2006,2006-01-09 00:00:00,,0,PETERBOROUGH A,6166418.2006.1.9,,,1.5,-0.3,9,,-2,6166418,,0,T,,,,,0,,,ON,,,T,0,13,1,
-78.36666666666666,44.233333333333334,,18.8,2006,2006-01-10 00:00:00,,0,PETERBOROUGH A,6166418.2006.1.10,,,2.5,-0.8,10,,-4,6166418,,0.2,,,,,,0.2,,,ON,,,,0,11,1,
-78.36666666666666,44.233333333333334,,16.2,2006,2006-01-11 00:00:00,,0,PETERBOROUGH A,6166418.2006.1.11,,,7.5,1.8,11,,-4,6166418,,2.6,,,,,,2.6,,,ON,,,,0,9,1,
-78.36666666666666,44.233333333333334,,15,2006,2006-01-12 00:00:00,,0,PETERBOROUGH A,6166418.2006.1.12,,,5,3,12,,1,6166418,,0,,,,,,0,,,ON,,,,0,5,1,
-78.36666666666666,44.233333333333334,,17.2,2006,2006-01-13 00:00:00,,0,PETERBOROUGH A,6166418.2006.1.13,,,6.5,0.8,13,,-5,6166418,,4.8,,,,,,4.8,,,ON,,,,0,4,1,
-78.36666666666666,44.233333333333334,,19.8,2006,2006-01-14 00:00:00,,1,PETERBOROUGH A,6166418.2006.1.14,,,3,-1.8,14,,-6.5,6166418,,0.8,,,,,,1.4,,,ON,,,,0,3,1,
-78.36666666666666,44.233333333333334,,32.3,2006,2006-01-15 00:00:00,,0,PETERBOROUGH A,6166418.2006.1.15,,,-12,-14.3,15,,-16.5,6166418,,0,,,,,,0,,,ON,,,,0,3,1,
-78.36666666666666,44.233333333333334,,30.3,2006,2006-01-16 00:00:00,,0,PETERBOROUGH A,6166418.2006.1.16,,,-6.5,-12.3,16,,-18,6166418,,0,,,,,,0,,,ON,,,,0,3,1,
-78.36666666666666,44.233333333333334,,21.3,2006,2006-01-17 00:00:00,,0,PETERBOROUGH A,6166418.2006.1.17,,E,4,-3.3,17,,-10.5,6166418,E,23.6,,E,E,,,23.6,,,ON,,,,0,2,1,
-78.36666666666666,44.233333333333334,,16.5,2006,2006-01-18 00:00:00,,2,PETERBOROUGH A,6166418.2006.1.18,,,3.5,1.5,18,,-0.5,6166418,,2.2,,,,,,4.2,,,ON,,,,0,1,1,
-78.36666666666666,44.233333333333334,,16.5,2006,2006-01-19 00:00:00,,0,PETERBOROUGH A,6166418.2006.1.19,,,7,1.5,19,,-4,6166418,,0,,,,,,0,,,ON,,,,0,2,1,
-78.36666666666666,44.233333333333334,,13,2006,2006-01-20 00:00:00,,0,PETERBOROUGH A,6166418.2006.1.20,,,10,5,20,,0,6166418,,0,,,,,,0,,,ON,,,,0,1,1,
-78.36666666666666,44.233333333333334,,19.5,2006,2006-01-21 00:00:00,,3,PETERBOROUGH A,6166418.2006.1.21,,,1,-1.5,21,,-4,6166418,,2,,,,,,5,,,ON,,,,0,1,1,
-78.36666666666666,44.233333333333334,,23,2006,2006-01-22 00:00:00,,0,PETERBOROUGH A,6166418.2006.1.22,,,0.5,-5,22,,-10.5,6166418,,0,,,,,,0,,,ON,,,,0,3,1,
-78.36666666666666,44.233333333333334,,19.5,2006,2006-01-23 00:00:00,,0,PETERBOROUGH A,6166418.2006.1.23,,,1.5,-1.5,23,,-4.5,6166418,,0,,,,,,0,,,ON,,,,0,2,1,
-78.36666666666666,44.233333333333334,,19.3,2006,2006-01-24 00:00:00,,1,PETERBOROUGH A,6166418.2006.1.24,,,3.5,-1.3,24,,-6,6166418,,0,,,,,T,1,,,ON,,,,0,2,1,
-78.36666666666666,44.233333333333334,,21,2006,2006-01-25 00:00:00,,0,PETERBOROUGH A,6166418.2006.1.25,,,1,-3,25,,-7,6166418,,0,T,,,,,0,,,ON,,,T,0,3,1,
-78.36666666666666,44.233333333333334,,31.5,2006,2006-01-26 00:00:00,,0,PETERBOROUGH A,6166418.2006.1.26,,,-10,-13.5,26,,-17,6166418,,0,,,,,,0,,,ON,,,,0,3,1,
-78.36666666666666,44.233333333333334,,23.5,2006,2006-01-27 00:00:00,,0,PETERBOROUGH A,6166418.2006.1.27,,,5,-5.5,27,,-16,6166418,,0,,,,,,0,,,ON,,,,0,3,1,
-78.36666666666666,44.233333333333334,,14.7,2006,2006-01-28 00:00:00,,0,PETERBOROUGH A,6166418.2006.1.28,,,8,3.3,28,,-1.5,6166418,,1.8,,,,,,1.8,,,ON,,,,0,3,1,
-78.36666666666666,44.233333333333334,,17.7,2006,2006-01-29 00:00:00,,0.5,PETERBOROUGH A,6166418.2006.1.29,,,2,0.3,29,,-1.5,6166418,,14.2,,,,,,14.2,,,ON,,,,0,2,1,
-78.36666666666666,44.233333333333334,T,14.5,2006,2006-01-30 00:00:00,,0,PETERBOROUGH A,6166418.2006.1.30,,,7,3.5,30,,0,6166418,,6.6,,,,,,6.6,,,ON,,,,0,0,1,
-78.36666666666666,44.233333333333334,T,17.5,2006,2006-01-31 00:00:00,,0,PETERBOROUGH A,6166418.2006.1.31,,,2,0.5,31,,-1,6166418,,0,T,,,,,0,,,ON,,,T,0,0,1,
-78.36666666666666,44.233333333333334,T,19.3,2006,2006-02-01 00:00:00,,0,PETERBOROUGH A,6166418.2006.2.1,,,1,-1.3,1,,-3.5,6166418,,0,T,,,,,0,,,ON,,,T,0,0,2,
-78.36666666666666,44.233333333333334,T,16.5,2006,2006-02-02 00:00:00,,0,PETERBOROUGH A,6166418.2006.2.2,,,6,1.5,2,,-3,6166418,,5.4,,,,,,5.4,,,ON,,,,0,0,2,
-78.36666666666666,44.233333333333334,T,15.5,2006,2006-02-03 00:00:00,,0,PETERBOROUGH A,6166418.2006.2.3,,,4,2.5,3,,1,6166418,,4.8,,,,,,4.8,,,ON,,,,0,0,2,
-78.36666666666666,44.233333333333334,,17.5,2006,2006-02-04 00:00:00,,2,PETERBOROUGH A,6166418.2006.2.4,,,3,0.5,4,,-2,6166418,,21,,,,,,23,,,ON,,,,0,0,2,
-78.36666666666666,44.233333333333334,,18.5,2006,2006-02-05 00:00:00,,7.8,PETERBOROUGH A,6166418.2006.2.5,,,3,-0.5,5,,-4,6166418,,3.6,,,,,,8.8,,,ON,,,,0,2,2,
-78.36666666666666,44.233333333333334,,23.5,2006,2006-02-06 00:00:00,,2.2,PETERBOROUGH A,6166418.2006.2.6,,,-4,-5.5,6,,-7,6166418,,0,,,,,,2.2,,,ON,,,,0,7,2,
-78.36666666666666,44.233333333333334,,26.3,2006,2006-02-07 00:00:00,,0,PETERBOROUGH A,6166418.2006.2.7,,,-4,-8.3,7,,-12.5,6166418,,0,,,,,,0,,,ON,,,,0,9,2,
-78.36666666666666,44.233333333333334,,27,2006,2006-02-08 00:00:00,,1,PETERBOROUGH A,6166418.2006.2.8,,,-6,-9,8,,-12,6166418,,0,,,,,,0.8,,,ON,,,,0,8,2,
-78.36666666666666,44.233333333333334,,30.3,2006,2006-02-09 00:00:00,,0.5,PETERBOROUGH A,6166418.2006.2.9,,E,-7.5,-12.3,9,,-17,6166418,E,0,,E,E,,,0.4,,,ON,,,,0,8,2,
-78.36666666666666,44.233333333333334,,33.3,2006,2006-02-10 00:00:00,,6,PETERBOROUGH A,6166418.2006.2.10,,,-8.5,-15.3,10,,-22,6166418,,0,,,,,,2,,,ON,,,,0,8,2,
-78.36666666666666,44.233333333333334,,28,2006,2006-02-11 00:00:00,,0,PETERBOROUGH A,6166418.2006.2.11,,,-4,-10,11,,-16,6166418,,0,T,,,,,0,,,ON,,,T,0,14,2,
-78.36666666666666,44.233333333333334,,29,2006,2006-02-12 00:00:00,,1,PETERBOROUGH A,6166418.2006.2.12,,,-4.5,-11,12,,-17.5,6166418,,0,,,,,,0.2,,,ON,,,,0,10,2,
-78.36666666666666,44.233333333333334,,23.5,2006,2006-02-13 00:00:00,,0.5,PETERBOROUGH A,6166418.2006.2.13,,,-2,-5.5,13,,-9,6166418,,0,,,,,,0.2,,,ON,,,,0,10,2,
-78.36666666666666,44.233333333333334,,20.3,2006,2006-02-14 00:00:00,,0,PETERBOROUGH A,6166418.2006.2.14,,,3.5,-2.3,14,,-8,6166418,,0,T,,,,,0,,,ON,,,T,0,10,2,
-78.36666666666666,44.233333333333334,,16,2006,2006-02-15 00:00:00,,3,PETERBOROUGH A,6166418.2006.2.15,,,6,2,15,,-2,6166418,,0,,,,,,4,,,ON,,,,0,9,2,
-78.36666666666666,44.233333333333334,,17.5,2006,2006-02-16 00:00:00,,2,PETERBOROUGH A,6166418.2006.2.16,,,7,0.5,16,,-6,6166418,,16,,,,,,18,,,ON,,,,0,9,2,
-78.36666666666666,44.233333333333334,,23.5,2006,2006-02-17 00:00:00,,1,PETERBOROUGH A,6166418.2006.2.17,,,-1,-5.5,17,,-10,6166418,,0,,,,,,0.4,,,ON,,,,0,3,2,
-78.36666666666666,44.233333333333334,,31.8,2006,2006-02-18 00:00:00,,0,PETERBOROUGH A,6166418.2006.2.18,,,-12,-13.8,18,,-15.5,6166418,,0,T,,,,,0,,,ON,,,T,0,4,2,
-78.36666666666666,44.233333333333334,,29.3,2006,2006-02-19 00:00:00,,0,PETERBOROUGH A,6166418.2006.2.19,,,-7,-11.3,19,,-15.5,6166418,,0,,,,,,0,,,ON,,,,0,5,2,
-78.36666666666666,44.233333333333334,,26,2006,2006-02-20 00:00:00,,0,PETERBOROUGH A,6166418.2006.2.20,,,-4,-8,20,,-12,6166418,,0,T,,,,,0,,,ON,,,T,0,5,2,
-78.36666666666666,44.233333333333334,,23,2006,2006-02-21 00:00:00,,1,PETERBOROUGH A,6166418.2006.2.21,,,0,-5,21,,-10,6166418,,0,,,,,,1,,,ON,,,,0,5,2,
-78.36666666666666,44.233333333333334,,22.8,2006,2006-02-22 00:00:00,,1,PETERBOROUGH A,6166418.2006.2.22,,,3.5,-4.8,22,,-13,6166418,,0,,,,,,0.6,,,ON,,,,0,6,2,
-78.36666666666666,44.233333333333334,,19.5,2006,2006-02-23 00:00:00,,1.6,PETERBOROUGH A,6166418.2006.2.23,,,4,-1.5,23,,-7,6166418,,0,,,,,,0.8,,,ON,,,,0,6,2,
-78.36666666666666,44.233333333333334,,24.5,2006,2006-02-24 00:00:00,,5,PETERBOROUGH A,6166418.2006.2.24,,,-4,-6.5,24,,-9,6166418,,0,,,,,,5,,,ON,,,,0,7,2,
-78.36666666666666,44.233333333333334,,25,2006,2006-02-25 00:00:00,,4,PETERBOROUGH A,6166418.2006.2.25,,,-5.5,-7,25,,-8.5,6166418,,0,,,,,,3.2,,,ON,,,,0,11,2,
-78.36666666666666,44.233333333333334,,33,2006,2006-02-26 00:00:00,,0,PETERBOROUGH A,6166418.2006.2.26,,,-9,-15,26,,-21,6166418,,0,,,,,,0,,,ON,,,,0,13,2,
-78.36666666666666,44.233333333333334,,34.5,2006,2006-02-27 00:00:00,,0,PETERBOROUGH A,6166418.2006.2.27,,,-5,-16.5,27,,-28,6166418,,0,T,,,,,0,,,ON,,,T,0,11,2,
-78.36666666666666,44.233333333333334,,33,2006,2006-02-28 00:00:00,,2,PETERBOROUGH A,6166418.2006.2.28,,,-7,-15,28,,-23,6166418,,0,,,,,,0.8,,,ON,,,,0,10,2,
-78.36666666666666,44.233333333333334,,31,2006,2006-03-01 00:00:00,,0,PETERBOROUGH A,6166418.2006.3.1,,,-4.5,-13,1,,-21.5,6166418,,0,,,,,,0,,,ON,,,,0,12,3,
-78.36666666666666,44.233333333333334,,27.5,2006,2006-03-02 00:00:00,,0,PETERBOROUGH A,6166418.2006.3.2,,,-1,-9.5,2,,-18,6166418,,0,,,,,,0,,,ON,,,,0,10,3,
-78.36666666666666,44.233333333333334,,27.5,2006,2006-03-03 00:00:00,,0,PETERBOROUGH A,6166418.2006.3.3,,,-5,-9.5,3,,-14,6166418,,0,,,,,,0,,,ON,,,,0,9,3,
-78.36666666666666,44.233333333333334,,22.8,2006,2006-03-04 00:00:00,,0,PETERBOROUGH A,6166418.2006.3.4,,E,-0.5,-4.8,4,,-9,6166418,E,0,,E,E,,,0,,,ON,,,,0,9,3,
-78.36666666666666,44.233333333333334,,21.3,2006,2006-03-05 00:00:00,,0,PETERBOROUGH A,6166418.2006.3.5,,,1,-3.3,5,,-7.5,6166418,,0,,,,,,0,,,ON,,,,0,8,3,
-78.36666666666666,44.233333333333334,,24,2006,2006-03-06 00:00:00,,0,PETERBOROUGH A,6166418.2006.3.6,,,2,-6,6,,-14,6166418,,0,,,,,,0,,,ON,,,,0,7,3,
-78.36666666666666,44.233333333333334,,23,2006,2006-03-07 00:00:00,,0,PETERBOROUGH A,6166418.2006.3.7,,,0,-5,7,,-10,6166418,,0,,,,,,0,,,ON,,,,0,7,3,
-78.36666666666666,44.233333333333334,,23,2006,2006-03-08 00:00:00,,0,PETERBOROUGH A,6166418.2006.3.8,,,1,-5,8,,-11,6166418,,1.4,,,,,,1.4,,,ON,,,,0,6,3,
-78.36666666666666,44.233333333333334,,14.7,2006,2006-03-09 00:00:00,,0,PETERBOROUGH A,6166418.2006.3.9,,,7,3.3,9,,-0.5,6166418,,9,,,,,,9,,,ON,,,,0,4,3,
-78.36666666666666,44.233333333333334,,12.5,2006,2006-03-10 00:00:00,,0,PETERBOROUGH A,6166418.2006.3.10,,,8.5,5.5,10,,2.5,6166418,,0.8,,,,,,0.8,,,ON,,,,0,1,3,
-78.36666666666666,44.233333333333334,T,15,2006,2006-03-11 00:00:00,,0,PETERBOROUGH A,6166418.2006.3.11,,,8.5,3,11,,-2.5,6166418,,0,T,,,,T,0,,,ON,,,,0,0,3,
-78.36666666666666,44.233333333333334,,11,2006,2006-03-12 00:00:00,,0,PETERBOROUGH A,6166418.2006.3.12,,,13,7,12,,1,6166418,,4.4,,,,,,4.4,,,ON,,,,0,0,3,
-78.36666666666666,44.233333333333334,,13.7,2006,2006-03-13 00:00:00,,0,PETERBOROUGH A,6166418.2006.3.13,,,8.5,4.3,13,,0,6166418,,16.3,,,,,,16.3,,,ON,,,,0,0,3,
-78.36666666666666,44.233333333333334,,15.2,2006,2006-03-14 00:00:00,,1.5,PETERBOROUGH A,6166418.2006.3.14,,,6,2.8,14,,-0.5,6166418,,0,,,,,,0.3,,,ON,,,,0,0,3,
-78.36666666666666,44.233333333333334,,17.7,2006,2006-03-15 00:00:00,,0,PETERBOROUGH A,6166418.2006.3.15,,,2.5,0.3,15,,-2,6166418,,0,T,,,,,0,,,ON,,,T,0,2,3,
-78.36666666666666,44.233333333333334,T,20.5,2006,2006-03-16 00:00:00,,0,PETERBOROUGH A,6166418.2006.3.16,,,1,-2.5,16,,-6,6166418,,0,,,,,,0,,,ON,,,,0,0,3,
-78.36666666666666,44.233333333333334,,22.8,2006,2006-03-17 00:00:00,,0,PETERBOROUGH A,6166418.2006.3.17,,,-0.5,-4.8,17,,-9,6166418,,0,,,,,,0,,,ON,,,,0,0,3,
-78.36666666666666,44.233333333333334,,25,2006,2006-03-18 00:00:00,,0,PETERBOROUGH A,6166418.2006.3.18,,,-4,-7,18,,-10,6166418,,0,T,,,,,0,,,ON,,,T,0,0,3,
-78.36666666666666,44.233333333333334,T,22.5,2006,2006-03-19 00:00:00,,0,PETERBOROUGH A,6166418.2006.3.19,,,-1,-4.5,19,,-8,6166418,,0,,,,,,0,,,ON,,,,0,0,3,
-78.36666666666666,44.233333333333334,,23.3,2006,2006-03-20 00:00:00,,0,PETERBOROUGH A,6166418.2006.3.20,,,-1.5,-5.3,20,,-9,6166418,,0,,,,,,0,,,ON,,,,0,0,3,
-78.36666666666666,44.233333333333334,,22,2006,2006-03-21 00:00:00,,0,PETERBOROUGH A,6166418.2006.3.21,,,2,-4,21,,-10,6166418,,0,T,,,,,0,,,ON,,,T,0,0,3,
-78.36666666666666,44.233333333333334,,20.8,2006,2006-03-22 00:00:00,,0,PETERBOROUGH A,6166418.2006.3.22,,,-0.5,-2.8,22,,-5,6166418,,0,,,,,,0,,,ON,,,,0,0,3,
-78.36666666666666,44.233333333333334,,17.5,2006,2006-03-23 00:00:00,,0,PETERBOROUGH A,6166418.2006.3.23,,,5,0.5,23,,-4,6166418,,0,,,,,,0,,,ON,,,,0,0,3,
-78.36666666666666,44.233333333333334,,16.7,2006,2006-03-24 00:00:00,,3.1,PETERBOROUGH A,6166418.2006.3.24,,,8.5,1.3,24,,-6,6166418,,0,,,,,,0.8,,,ON,,,,0,0,3,
-78.36666666666666,44.233333333333334,,14,2006,2006-03-25 00:00:00,,0,PETERBOROUGH A,6166418.2006.3.25,,,7.5,4,25,,0.5,6166418,,2.8,,,,,,2.8,,,ON,,,,0,3,3,
-78.36666666666666,44.233333333333334,,13.5,2006,2006-03-26 00:00:00,,0,PETERBOROUGH A,6166418.2006.3.26,,,8.5,4.5,26,,0.5,6166418,,0,,,,,,0,,,ON,,,,0,0,3,
-78.36666666666666,44.233333333333334,,13.7,2006,2006-03-27 00:00:00,,0,PETERBOROUGH A,6166418.2006.3.27,,,11,4.3,27,,-2.5,6166418,,0,,,,,,0,,,ON,,,,0,0,3,
-78.36666666666666,44.233333333333334,,14.5,2006,2006-03-28 00:00:00,,0,PETERBOROUGH A,6166418.2006.3.28,,,12,3.5,28,,-5,6166418,,0,,,,,,0,,,ON,,,,0,0,3,
-78.36666666666666,44.233333333333334,,14.5,2006,2006-03-29 00:00:00,,0,PETERBOROUGH A,6166418.2006.3.29,,,13,3.5,29,,-6,6166418,,0,,,,,,0,,,ON,,,,0,0,3,
-78.36666666666666,44.233333333333334,,12.7,2006,2006-03-30 00:00:00,,0,PETERBOROUGH A,6166418.2006.3.30,,,15.5,5.3,30,,-5,6166418,,0,,,,,,0,,,ON,,,,0,0,3,
-78.36666666666666,44.233333333333334,,8.2,2006,2006-03-31 00:00:00,,0,PETERBOROUGH A,6166418.2006.3.31,,,21.5,9.8,31,,-2,6166418,,8.6,,,,,,8.6,,,ON,,,,0,0,3,
-78.36666666666666,44.233333333333334,,11.2,2006,2006-04-01 00:00:00,,0,PETERBOROUGH A,6166418.2006.4.1,,,9,6.8,1,,4.5,6166418,,0.4,,,,,,0.4,,,ON,,,,0,0,4,
-78.36666666666666,44.233333333333334,,14,2006,2006-04-02 00:00:00,,0,PETERBOROUGH A,6166418.2006.4.2,,,11,4,2,,-3,6166418,,0,,,,,,0,,,ON,,,,0,0,4,
-78.36666666666666,44.233333333333334,,9.5,2006,2006-04-03 00:00:00,,0,PETERBOROUGH A,6166418.2006.4.3,,,15,8.5,3,,2,6166418,,12.9,,,,,,12.9,,,ON,,,,0,0,4,
-78.36666666666666,44.233333333333334,,15.7,2006,2006-04-04 00:00:00,,0,PETERBOROUGH A,6166418.2006.4.4,,,6,2.3,4,,-1.5,6166418,,0.2,,,,,,0.2,,,ON,,,T,0,0,4,
-78.36666666666666,44.233333333333334,T,17.2,2006,2006-04-05 00:00:00,,0,PETERBOROUGH A,6166418.2006.4.5,,,4,0.8,5,,-2.5,6166418,,0,T,,,,T,0,,,ON,,,T,0,0,4,
-78.36666666666666,44.233333333333334,,12.2,2006,2006-04-06 00:00:00,,0,PETERBOROUGH A,6166418.2006.4.6,,,11.5,5.8,6,,0,6166418,,0,T,,,,T,0,,,ON,,,,0,0,4,
-78.36666666666666,44.233333333333334,,14.5,2006,2006-04-07 00:00:00,,0,PETERBOROUGH A,6166418.2006.4.7,,,6.5,3.5,7,,0.5,6166418,,11.4,,,,,,11.4,,,ON,,,T,0,0,4,
-78.36666666666666,44.233333333333334,,18.3,2006,2006-04-08 00:00:00,,0,PETERBOROUGH A,6166418.2006.4.8,,,5.5,-0.3,8,,-6,6166418,,0,,,,,,0,,,ON,,,,0,0,4,
-78.36666666666666,44.233333333333334,,15,2006,2006-04-09 00:00:00,,0,PETERBOROUGH A,6166418.2006.4.9,,,11,3,9,,-5,6166418,,0,,,,,,0,,,ON,,,,0,0,4,
-78.36666666666666,44.233333333333334,,12.7,2006,2006-04-10 00:00:00,,0,PETERBOROUGH A,6166418.2006.4.10,,,15.5,5.3,10,,-5,6166418,,0,,,,,,0,,,ON,,,,0,0,4,
-78.36666666666666,44.233333333333334,,9,2006,2006-04-11 00:00:00,,0,PETERBOROUGH A,6166418.2006.4.11,,,17.5,9,11,,0.5,6166418,,0,,,,,,0,,,ON,,,,0,0,4,
-78.36666666666666,44.233333333333334,,8.5,2006,2006-04-12 00:00:00,,0,PETERBOROUGH A,6166418.2006.4.12,,,17,9.5,12,,2,6166418,,4.4,,,,,,4.4,,,ON,,,,0,0,4,
-78.36666666666666,44.233333333333334,,6,2006,2006-04-13 00:00:00,,0,PETERBOROUGH A,6166418.2006.4.13,,,18,12,13,,6,6166418,,0.8,,,,,,0.8,,,ON,,,,0,0,4,
-78.36666666666666,44.233333333333334,,8.5,2006,2006-04-14 00:00:00,,0,PETERBOROUGH A,6166418.2006.4.14,,,14.5,9.5,14,,4.5,6166418,,6,,,,,,6,,,ON,,,,0,0,4,
-78.36666666666666,44.233333333333334,,8,2006,2006-04-15 00:00:00,,0,PETERBOROUGH A,6166418.2006.4.15,,,12.5,10,15,,7.5,6166418,,0,,,,,,0,,,ON,,,,0,0,4,
-78.36666666666666,44.233333333333334,,8.7,2006,2006-04-16 00:00:00,,0,PETERBOROUGH A,6166418.2006.4.16,,,14.5,9.3,16,,4,6166418,,0,,,,,,0,,,ON,,,,0,0,4,
-78.36666666666666,44.233333333333334,,8.5,2006,2006-04-17 00:00:00,,0,PETERBOROUGH A,6166418.2006.4.17,,,16,9.5,17,,3,6166418,,0,,,,,,0,,,ON,,,,0,0,4,
-78.36666666666666,44.233333333333334,,5.7,2006,2006-04-18 00:00:00,,0,PETERBOROUGH A,6166418.2006.4.18,,,20,12.3,18,,4.5,6166418,,0,,,,,,0,,,ON,,,,0,0,4,
-78.36666666666666,44.233333333333334,,5,2006,2006-04-19 00:00:00,,0,PETERBOROUGH A,6166418.2006.4.19,,,23.5,13,19,,2.5,6166418,,0,,,,,,0,,,ON,,,,0,0,4,
-78.36666666666666,44.233333333333334,,5,2006,2006-04-20 00:00:00,,0,PETERBOROUGH A,6166418.2006.4.20,,,23.5,13,20,,2.5,6166418,,0,,,,,,0,,,ON,,,,0,0,4,
-78.36666666666666,44.233333333333334,,7.2,2006,2006-04-21 00:00:00,,0,PETERBOROUGH A,6166418.2006.4.21,,,19.5,10.8,21,,2,6166418,,3.2,,,,,,3.2,,,ON,,,,0,0,4,
-78.36666666666666,44.233333333333334,,11,2006,2006-04-22 00:00:00,,0,PETERBOROUGH A,6166418.2006.4.22,,,8,7,22,,6,6166418,,1.3,,,,,,1.3,,,ON,,,,0,0,4,
-78.36666666666666,44.233333333333334,,12,2006,2006-04-23 00:00:00,,0,PETERBOROUGH A,6166418.2006.4.23,,,7.5,6,23,,4.5,6166418,,10.5,,,,,,10.5,,,ON,,,,0,0,4,
-78.36666666666666,44.233333333333334,,10,2006,2006-04-24 00:00:00,,0,PETERBOROUGH A,6166418.2006.4.24,,,12,8,24,,4,6166418,,1.2,,,,,,1.2,,,ON,,,,0,0,4,
-78.36666666666666,44.233333333333334,,13,2006,2006-04-25 00:00:00,,0,PETERBOROUGH A,6166418.2006.4.25,,,8,5,25,,2,6166418,,0,,,,,,0,,,ON,,,,0,0,4,
-78.36666666666666,44.233333333333334,,10.2,2006,2006-04-26 00:00:00,,0,PETERBOROUGH A,6166418.2006.4.26,,,15,7.8,26,,0.5,6166418,,0,T,,,,T,0,,,ON,,,,0,0,4,
-78.36666666666666,44.233333333333334,,12,2006,2006-04-27 00:00:00,,0,PETERBOROUGH A,6166418.2006.4.27,,,12.5,6,27,,-0.5,6166418,,0,,,,,,0,,,ON,,,,0,0,4,
-78.36666666666666,44.233333333333334,,12.2,2006,2006-04-28 00:00:00,,0,PETERBOROUGH A,6166418.2006.4.28,,,13.5,5.8,28,,-2,6166418,,0,,,,,,0,,,ON,,,,0,0,4,
-78.36666666666666,44.233333333333334,,11,2006,2006-04-29 00:00:00,,0,PETERBOROUGH A,6166418.2006.4.29,,,17,7,29,,-3,6166418,,0,,,,,,0,,,ON,,,,0,0,4,
-78.36666666666666,44.233333333333334,,9,2006,2006-04-30 00:00:00,,0,PETERBOROUGH A,6166418.2006.4.30,,,21,9,30,,-3,6166418,,0,,,,,,0,,,ON,,,,0,0,4,
-78.36666666666666,44.233333333333334,,6,2006,2006-05-01 00:00:00,,0,PETERBOROUGH A,6166418.2006.5.1,,,22,12,1,,2,6166418,,0,,,,,,0,,,ON,,,,0,0,5,
-78.36666666666666,44.233333333333334,,6.7,2006,2006-05-02 00:00:00,,0,PETERBOROUGH A,6166418.2006.5.2,,,21.5,11.3,2,,1,6166418,,0,,,,,,0,,,ON,,,,0,0,5,
-78.36666666666666,44.233333333333334,,5,2006,2006-05-03 00:00:00,,0,PETERBOROUGH A,6166418.2006.5.3,,,24.5,13,3,,1.5,6166418,,0,,,,,,0,,,ON,,,,0,0,5,
-78.36666666666666,44.233333333333334,,3.5,2006,2006-05-04 00:00:00,,0,PETERBOROUGH A,6166418.2006.5.4,,,24.5,14.5,4,,4.5,6166418,,0,T,,,,T,0,,,ON,,,,0,0,5,
-78.36666666666666,44.233333333333334,,7,2006,2006-05-05 00:00:00,,0,PETERBOROUGH A,6166418.2006.5.5,,,16.5,11,5,,5.5,6166418,,6,,,,,,6,,,ON,,,,0,0,5,
-78.36666666666666,44.233333333333334,,10.2,2006,2006-05-06 00:00:00,,0,PETERBOROUGH A,6166418.2006.5.6,,,12,7.8,6,,3.5,6166418,,2,,,,,,2,,,ON,,,,0,0,5,
-78.36666666666666,44.233333333333334,,12.5,2006,2006-05-07 00:00:00,,0,PETERBOROUGH A,6166418.2006.5.7,,,14,5.5,7,,-3,6166418,,0,,,,,,0,,,ON,,,,0,0,5,
-78.36666666666666,44.233333333333334,,7.2,2006,2006-05-08 00:00:00,,0,PETERBOROUGH A,6166418.2006.5.8,,,22.5,10.8,8,,-1,6166418,,0,,,,,,0,,,ON,,,,0,0,5,
-78.36666666666666,44.233333333333334,,5.5,2006,2006-05-09 00:00:00,,0,PETERBOROUGH A,6166418.2006.5.9,,,23.5,12.5,9,,1.5,6166418,,0,,,,,,0,,,ON,,,,0,0,5,
-78.36666666666666,44.233333333333334,,4.2,2006,2006-05-10 00:00:00,,0,PETERBOROUGH A,6166418.2006.5.10,,,24,13.8,10,,3.5,6166418,,0,,,,,,0,,,ON,,,,0,0,5,
-78.36666666666666,44.233333333333334,,3.5,2006,2006-05-11 00:00:00,,0,PETERBOROUGH A,6166418.2006.5.11,,,17,14.5,11,,12,6166418,,39.2,,,,,,39.2,,,ON,,,,0,0,5,
-78.36666666666666,44.233333333333334,,3.2,2006,2006-05-12 00:00:00,,0,PETERBOROUGH A,6166418.2006.5.12,,,19,14.8,12,,10.5,6166418,,9.6,,,,,,9.6,,,ON,,,,0,0,5,
-78.36666666666666,44.233333333333334,,2.5,2006,2006-05-13 00:00:00,,0,PETERBOROUGH A,6166418.2006.5.13,,,19.5,15.5,13,,11.5,6166418,,11,,,,,,11,,,ON,,,,0,0,5,
-78.36666666666666,44.233333333333334,,4.7,2006,2006-05-14 00:00:00,,0,PETERBOROUGH A,6166418.2006.5.14,,,16,13.3,14,,10.5,6166418,,0,,,,,,0,,,ON,,,,0,0,5,
-78.36666666666666,44.233333333333334,,3.7,2006,2006-05-15 00:00:00,,0,PETERBOROUGH A,6166418.2006.5.15,,,18,14.3,15,,10.5,6166418,,9,,,,,,9,,,ON,,,,0,0,5,
-78.36666666666666,44.233333333333334,,5.2,2006,2006-05-16 00:00:00,,0,PETERBOROUGH A,6166418.2006.5.16,,,15,12.8,16,,10.5,6166418,,1,,,,,,1,,,ON,,,,0,0,5,
-78.36666666666666,44.233333333333334,,4.2,2006,2006-05-17 00:00:00,,0,PETERBOROUGH A,6166418.2006.5.17,,,20,13.8,17,,7.5,6166418,,0,,,,,,0,,,ON,,,,0,0,5,
-78.36666666666666,44.233333333333334,,5.5,2006,2006-05-18 00:00:00,,0,PETERBOROUGH A,6166418.2006.5.18,,,15.5,12.5,18,,9.5,6166418,,1.2,,,,,,1.2,,,ON,,,,0,0,5,
-78.36666666666666,44.233333333333334,,8.7,2006,2006-05-19 00:00:00,,0,PETERBOROUGH A,6166418.2006.5.19,,,16,9.3,19,,2.5,6166418,,0,T,,,,T,0,,,ON,,,,0,0,5,
-78.36666666666666,44.233333333333334,,8.2,2006,2006-05-20 00:00:00,,0,PETERBOROUGH A,6166418.2006.5.20,,,11.5,9.8,20,,8,6166418,,0.2,,,,,,0.2,,,ON,,,,0,0,5,
-78.36666666666666,44.233333333333334,,11.2,2006,2006-05-21 00:00:00,,0,PETERBOROUGH A,6166418.2006.5.21,,,10.5,6.8,21,,3,6166418,,4.8,,,,,,4.8,,,ON,,,T,0,0,5,
-78.36666666666666,44.233333333333334,,12.2,2006,2006-05-22 00:00:00,,0,PETERBOROUGH A,6166418.2006.5.22,,,9,5.8,22,,2.5,6166418,,0,T,,,,T,0,,,ON,,,,0,0,5,
-78.36666666666666,44.233333333333334,,7.7,2006,2006-05-23 00:00:00,,0,PETERBOROUGH A,6166418.2006.5.23,,,17.5,10.3,23,,3,6166418,,0,,,,,,0,,,ON,,,,0,0,5,
-78.36666666666666,44.233333333333334,,6.2,2006,2006-05-24 00:00:00,,0,PETERBOROUGH A,6166418.2006.5.24,,,22.5,11.8,24,,1,6166418,,0,,,,,,0,,,ON,,,,0,0,5,
-78.36666666666666,44.233333333333334,,2.7,2006,2006-05-25 00:00:00,,0,PETERBOROUGH A,6166418.2006.5.25,,,22,15.3,25,,8.5,6166418,,1,,,,,,1,,,ON,,,,0,0,5,
-78.36666666666666,44.233333333333334,,3.7,2006,2006-05-26 00:00:00,,0,PETERBOROUGH A,6166418.2006.5.26,,,18,14.3,26,,10.5,6166418,,4.4,,,,,,4.4,,,ON,,,,0,0,5,
-78.36666666666666,44.233333333333334,,0,2006,2006-05-27 00:00:00,,0,PETERBOROUGH A,6166418.2006.5.27,,,24.5,18.3,27,,12,6166418,,0,,,,,,0,,,ON,,,,0.3,0,5,
-78.36666666666666,44.233333333333334,,2.5,2006,2006-05-28 00:00:00,,0,PETERBOROUGH A,6166418.2006.5.28,,,24,15.5,28,,7,6166418,,0,T,,,,T,0,,,ON,,,,0,0,5,
-78.36666666666666,44.233333333333334,,0,2006,2006-05-29 00:00:00,,0,PETERBOROUGH A,6166418.2006.5.29,,,32,21.8,29,,11.5,6166418,,0,,,,,,0,,,ON,,,,3.8,0,5,
-78.36666666666666,44.233333333333334,,0,2006,2006-05-30 00:00:00,,0,PETERBOROUGH A,6166418.2006.5.30,,,32.5,24.3,30,,16,6166418,,0,,,,,,0,,,ON,,,,6.3,0,5,
-78.36666666666666,44.233333333333334,,0,2006,2006-05-31 00:00:00,,0,PETERBOROUGH A,6166418.2006.5.31,,,25.5,21.3,31,,17,6166418,,4.6,,,,,,4.6,,,ON,,,,3.3,0,5,
-78.36666666666666,44.233333333333334,,0,2006,2006-06-01 00:00:00,,0,PETERBOROUGH A,6166418.2006.6.1,,,22,19.8,1,,17.5,6166418,,1.4,,,,,,1.4,,,ON,,,,1.8,0,6,
-78.36666666666666,44.233333333333334,,0.2,2006,2006-06-02 00:00:00,,0,PETERBOROUGH A,6166418.2006.6.2,,,24,17.8,2,,11.5,6166418,,1,,,,,,1,,,ON,,,,0,0,6,
-78.36666666666666,44.233333333333334,,3,2006,2006-06-03 00:00:00,,0,PETERBOROUGH A,6166418.2006.6.3,,,16,15,3,,14,6166418,,20,,,,,,20,,,ON,,,,0,0,6,
-78.36666666666666,44.233333333333334,,0,2006,2006-06-04 00:00:00,,0,PETERBOROUGH A,6166418.2006.6.4,,,23,18,4,,13,6166418,,0,T,,,,T,0,,,ON,,,,0,0,6,
-78.36666666666666,44.233333333333334,,0,2006,2006-06-05 00:00:00,,0,PETERBOROUGH A,6166418.2006.6.5,,,27,19.5,5,,12,6166418,,0,,,,,,0,,,ON,,,,1.5,0,6,
-78.36666666666666,44.233333333333334,,0.5,2006,2006-06-06 00:00:00,,0,PETERBOROUGH A,6166418.2006.6.6,,,25,17.5,6,,10,6166418,,0,,,,,,0,,,ON,,,,0,0,6,
-78.36666666666666,44.233333333333334,,0.7,2006,2006-06-07 00:00:00,,0,PETERBOROUGH A,6166418.2006.6.7,,,26.5,17.3,7,,8,6166418,,0,,,,,,0,,,ON,,,,0,0,6,
-78.36666666666666,44.233333333333334,,1,2006,2006-06-08 00:00:00,,0,PETERBOROUGH A,6166418.2006.6.8,,,22,17,8,,12,6166418,,0.6,,,,,,0.6,,,ON,,,,0,0,6,
-78.36666666666666,44.233333333333334,,3.7,2006,2006-06-09 00:00:00,,0,PETERBOROUGH A,6166418.2006.6.9,,,17,14.3,9,,11.5,6166418,,10.2,,,,,,10.2,,,ON,,,,0,0,6,
-78.36666666666666,44.233333333333334,,6,2006,2006-06-10 00:00:00,,0,PETERBOROUGH A,6166418.2006.6.10,,,16,12,10,,8,6166418,,0,,,,,,0,,,ON,,,,0,0,6,
-78.36666666666666,44.233333333333334,,6.5,2006,2006-06-11 00:00:00,,0,PETERBOROUGH A,6166418.2006.6.11,,,15.5,11.5,11,,7.5,6166418,,0,,,,,,0,,,ON,,,,0,0,6,
-78.36666666666666,44.233333333333334,,2.5,2006,2006-06-12 00:00:00,,0,PETERBOROUGH A,6166418.2006.6.12,,,19.5,15.5,12,,11.5,6166418,,0,,,,,,0,,,ON,,,,0,0,6,
-78.36666666666666,44.233333333333334,,1.7,2006,2006-06-13 00:00:00,,0,PETERBOROUGH A,6166418.2006.6.13,,,23,16.3,13,,9.5,6166418,,0,,,,,,0,,,ON,,,,0,0,6,
-78.36666666666666,44.233333333333334,,1.5,2006,2006-06-14 00:00:00,,0,PETERBOROUGH A,6166418.2006.6.14,,,24,16.5,14,,9,6166418,,0,,,,,,0,,,ON,,,,0,0,6,
-78.36666666666666,44.233333333333334,,1.7,2006,2006-06-15 00:00:00,,0,PETERBOROUGH A,6166418.2006.6.15,,,25.5,16.3,15,,7,6166418,,0,,,,,,0,,,ON,,,,0,0,6,
-78.36666666666666,44.233333333333334,,0.2,2006,2006-06-16 00:00:00,,0,PETERBOROUGH A,6166418.2006.6.16,,,28,17.8,16,,7.5,6166418,,1,,,,,,1,,,ON,,,,0,0,6,
-78.36666666666666,44.233333333333334,,0,2006,2006-06-17 00:00:00,,0,PETERBOROUGH A,6166418.2006.6.17,,,32,24.5,17,,17,6166418,,0,,,,,,0,,,ON,,,,6.5,0,6,
-78.36666666666666,44.233333333333334,,0,2006,2006-06-18 00:00:00,,0,PETERBOROUGH A,6166418.2006.6.18,,,29.5,22.8,18,,16,6166418,,0.8,,,,,,0.8,,,ON,,,,4.8,0,6,
-78.36666666666666,44.233333333333334,,0,2006,2006-06-19 00:00:00,,0,PETERBOROUGH A,6166418.2006.6.19,,,25.5,22.5,19,,19.5,6166418,,1.6,,,,,,1.6,,,ON,,,,4.5,0,6,
-78.36666666666666,44.233333333333334,,0,2006,2006-06-20 00:00:00,,0,PETERBOROUGH A,6166418.2006.6.20,,,22,18,20,,14,6166418,,0,,,,,,0,,,ON,,,,0,0,6,
-78.36666666666666,44.233333333333334,,2.5,2006,2006-06-21 00:00:00,,0,PETERBOROUGH A,6166418.2006.6.21,,,24,15.5,21,,7,6166418,,0.6,,,,,,0.6,,,ON,,,,0,0,6,
-78.36666666666666,44.233333333333334,,0,2006,2006-06-22 00:00:00,,0,PETERBOROUGH A,6166418.2006.6.22,,,29,21.8,22,,14.5,6166418,,0,T,,,,T,0,,,ON,,,,3.8,0,6,
-78.36666666666666,44.233333333333334,,0,2006,2006-06-23 00:00:00,,0,PETERBOROUGH A,6166418.2006.6.23,,,24,18.5,23,,13,6166418,,0,,,,,,0,,,ON,,,,0.5,0,6,
-78.36666666666666,44.233333333333334,,0,2006,2006-06-24 00:00:00,,0,PETERBOROUGH A,6166418.2006.6.24,,,26,18.5,24,,11,6166418,,0,,,,,,0,,,ON,,,,0.5,0,6,
-78.36666666666666,44.233333333333334,,0,2006,2006-06-25 00:00:00,,0,PETERBOROUGH A,6166418.2006.6.25,,,27.5,18.8,25,,10,6166418,,0,,,,,,0,,,ON,,,,0.8,0,6,
-78.36666666666666,44.233333333333334,,0,2006,2006-06-26 00:00:00,,0,PETERBOROUGH A,6166418.2006.6.26,,,26.5,20.5,26,,14.5,6166418,,17.8,,,,,,17.8,,,ON,,,,2.5,0,6,
-78.36666666666666,44.233333333333334,,0,2006,2006-06-27 00:00:00,,0,PETERBOROUGH A,6166418.2006.6.27,,,25.5,22.8,27,,20,6166418,,6,,,,,,6,,,ON,,,,4.8,0,6,
-78.36666666666666,44.233333333333334,,0,2006,2006-06-28 00:00:00,,0,PETERBOROUGH A,6166418.2006.6.28,,,26.5,23,28,,19.5,6166418,,18.6,,,,,,18.6,,,ON,,,,5,0,6,
-78.36666666666666,44.233333333333334,,0,2006,2006-06-29 00:00:00,,0,PETERBOROUGH A,6166418.2006.6.29,,,24,19,29,,14,6166418,,2.6,,,,,,2.6,,,ON,,,,1,0,6,
-78.36666666666666,44.233333333333334,,0,2006,2006-06-30 00:00:00,,0,PETERBOROUGH A,6166418.2006.6.30,,,25,19.5,30,,14,6166418,,0,,,,,,0,,,ON,,,,1.5,0,6,
-78.36666666666666,44.233333333333334,,0,2006,2006-07-01 00:00:00,,0,PETERBOROUGH A,6166418.2006.7.1,,,28,19,1,,10,6166418,,3.6,,,,,,3.6,,,ON,,,,1,0,7,
-78.36666666666666,44.233333333333334,,0,2006,2006-07-02 00:00:00,,0,PETERBOROUGH A,6166418.2006.7.2,,,29.5,24.8,2,,20,6166418,,0,,,,,,0,,,ON,,,,6.8,0,7,
-78.36666666666666,44.233333333333334,,0,2006,2006-07-03 00:00:00,,0,PETERBOROUGH A,6166418.2006.7.3,,,28.5,19.8,3,,11,6166418,,12.4,,,,,,12.4,,,ON,,,,1.8,0,7,
-78.36666666666666,44.233333333333334,,0,2006,2006-07-04 00:00:00,,0,PETERBOROUGH A,6166418.2006.7.4,,,26.5,21.3,4,,16,6166418,,,M,,,,M,,,,ON,,,,3.3,0,7,
-78.36666666666666,44.233333333333334,,0,2006,2006-07-05 00:00:00,,0,PETERBOROUGH A,6166418.2006.7.5,,E,23,18,5,,13,6166418,E,0,,E,E,,,0,,,ON,,,,0,0,7,
-78.36666666666666,44.233333333333334,,2,2006,2006-07-06 00:00:00,,0,PETERBOROUGH A,6166418.2006.7.6,,,23,16,6,,9,6166418,,0,,,,,,0,,,ON,,,,0,0,7,
-78.36666666666666,44.233333333333334,,0,2006,2006-07-07 00:00:00,,0,PETERBOROUGH A,6166418.2006.7.7,,,27,18.5,7,,10,6166418,,0,,,,,,0,,,ON,,,,0.5,0,7,
-78.36666666666666,44.233333333333334,,0,2006,2006-07-08 00:00:00,,0,PETERBOROUGH A,6166418.2006.7.8,,,27,18.5,8,,10,6166418,,0,,,,,,0,,,ON,,,,0.5,0,7,
-78.36666666666666,44.233333333333334,,0,2006,2006-07-09 00:00:00,,0,PETERBOROUGH A,6166418.2006.7.9,,,27,20,9,,13,6166418,,3,,,,,,3,,,ON,,,,2,0,7,
-78.36666666666666,44.233333333333334,,0,2006,2006-07-10 00:00:00,,0,PETERBOROUGH A,6166418.2006.7.10,,,23,20.5,10,,18,6166418,,9.8,,,,,,9.8,,,ON,,,,2.5,0,7,
-78.36666666666666,44.233333333333334,,0,2006,2006-07-11 00:00:00,,0,PETERBOROUGH A,6166418.2006.7.11,,,25.5,20.5,11,,15.5,6166418,,2.6,,,,,,2.6,,,ON,,,,2.5,0,7,
-78.36666666666666,44.233333333333334,,0,2006,2006-07-12 00:00:00,,0,PETERBOROUGH A,6166418.2006.7.12,,,23,19.5,12,,16,6166418,,15.8,,,,,,15.8,,,ON,,,,1.5,0,7,
-78.36666666666666,44.233333333333334,,0,2006,2006-07-13 00:00:00,,0,PETERBOROUGH A,6166418.2006.7.13,,,30,21.5,13,,13,6166418,,0,,,,,,0,,,ON,,,,3.5,0,7,
-78.36666666666666,44.233333333333334,,0,2006,2006-07-14 00:00:00,,0,PETERBOROUGH A,6166418.2006.7.14,,,30.5,22.8,14,,15,6166418,,2.8,,,,,,2.8,,,ON,,,,4.8,0,7,
-78.36666666666666,44.233333333333334,,0,2006,2006-07-15 00:00:00,,0,PETERBOROUGH A,6166418.2006.7.15,,,29.5,24.8,15,,20,6166418,,0.3,,,,,,0.3,,,ON,,,,6.8,0,7,
-78.36666666666666,44.233333333333334,,0,2006,2006-07-16 00:00:00,,0,PETERBOROUGH A,6166418.2006.7.16,,,32,23.8,16,,15.5,6166418,,0,,,,,,0,,,ON,,,,5.8,0,7,
-78.36666666666666,44.233333333333334,,0,2006,2006-07-17 00:00:00,,0,PETERBOROUGH A,6166418.2006.7.17,,,32,26,17,,20,6166418,,1.4,,,,,,1.4,,,ON,,,,8,0,7,
-78.36666666666666,44.233333333333334,,0,2006,2006-07-18 00:00:00,,0,PETERBOROUGH A,6166418.2006.7.18,,,28.5,23.3,18,,18,6166418,,0,,,,,,0,,,ON,,,,5.3,0,7,
-78.36666666666666,44.233333333333334,,0,2006,2006-07-19 00:00:00,,0,PETERBOROUGH A,6166418.2006.7.19,,,28,20.5,19,,13,6166418,,0,,,,,,0,,,ON,,,,2.5,0,7,
-78.36666666666666,44.233333333333334,,0,2006,2006-07-20 00:00:00,,0,PETERBOROUGH A,6166418.2006.7.20,,,28.5,20.8,20,,13,6166418,,0.4,,,,,,0.4,,,ON,,,,2.8,0,7,
-78.36666666666666,44.233333333333334,,0,2006,2006-07-21 00:00:00,,0,PETERBOROUGH A,6166418.2006.7.21,,,26,22.5,21,,19,6166418,,0,,,,,,0,,,ON,,,,4.5,0,7,
-78.36666666666666,44.233333333333334,,0,2006,2006-07-22 00:00:00,,0,PETERBOROUGH A,6166418.2006.7.22,,,23,20.5,22,,18,6166418,,0,,,,,,0,,,ON,,,,2.5,0,7,
-78.36666666666666,44.233333333333334,,1,2006,2006-07-23 00:00:00,,0,PETERBOROUGH A,6166418.2006.7.23,,,25,17,23,,9,6166418,,0,,,,,,0,,,ON,,,,0,0,7,
-78.36666666666666,44.233333333333334,,0,2006,2006-07-24 00:00:00,,0,PETERBOROUGH A,6166418.2006.7.24,,,26.5,18,24,,9.5,6166418,,0.4,,,,,,0.4,,,ON,,,,0,0,7,
-78.36666666666666,44.233333333333334,,0,2006,2006-07-25 00:00:00,,0,PETERBOROUGH A,6166418.2006.7.25,E,E,29,24.8,25,,20.5,6166418,E,,M,E,,,M,,,,ON,,,,6.8,0,7,
-78.36666666666666,44.233333333333334,,0,2006,2006-07-26 00:00:00,,0,PETERBOROUGH A,6166418.2006.7.26,,E,29,23,26,,17,6166418,E,11.2,,E,E,,,11.2,,,ON,,,,5,0,7,
-78.36666666666666,44.233333333333334,,0,2006,2006-07-27 00:00:00,,0,PETERBOROUGH A,6166418.2006.7.27,E,E,28.5,24,27,,19.5,6166418,E,0.8,,E,,,,0.8,,,ON,,,,6,0,7,
-78.36666666666666,44.233333333333334,,0,2006,2006-07-28 00:00:00,,0,PETERBOROUGH A,6166418.2006.7.28,,,29.5,23.8,28,,18,6166418,,0.5,,,,,,0.5,,,ON,,,,5.8,0,7,
-78.36666666666666,44.233333333333334,,0,2006,2006-07-29 00:00:00,,0,PETERBOROUGH A,6166418.2006.7.29,,,31,24,29,,17,6166418,,5.6,,,,,,5.6,,,ON,,,,6,0,7,
-78.36666666666666,44.233333333333334,,0,2006,2006-07-30 00:00:00,,0,PETERBOROUGH A,6166418.2006.7.30,,,26.5,21.8,30,,17,6166418,,0,T,,,,T,0,,,ON,,,,3.8,0,7,
-78.36666666666666,44.233333333333334,,0,2006,2006-07-31 00:00:00,,0,PETERBOROUGH A,6166418.2006.7.31,,,31,23.8,31,,16.5,6166418,,0,,,,,,0,,,ON,,,,5.8,0,7,
-78.36666666666666,44.233333333333334,,0,2006,2006-08-01 00:00:00,,0,PETERBOROUGH A,6166418.2006.8.1,,,36,30.5,1,,25,6166418,,0,,,,,,0,,,ON,,,,12.5,0,8,
-78.36666666666666,44.233333333333334,,0,2006,2006-08-02 00:00:00,,0,PETERBOROUGH A,6166418.2006.8.2,,,32,27.8,2,,23.5,6166418,,10.8,,,,,,10.8,,,ON,,,,9.8,0,8,
-78.36666666666666,44.233333333333334,,0,2006,2006-08-03 00:00:00,,0,PETERBOROUGH A,6166418.2006.8.3,,,26,23.8,3,,21.5,6166418,,2.2,,,,,,2.2,,,ON,,,,5.8,0,8,
-78.36666666666666,44.233333333333334,,0,2006,2006-08-04 00:00:00,,0,PETERBOROUGH A,6166418.2006.8.4,,,28.5,22.3,4,,16,6166418,,0,,,,,,0,,,ON,,,,4.3,0,8,
-78.36666666666666,44.233333333333334,,0,2006,2006-08-05 00:00:00,,0,PETERBOROUGH A,6166418.2006.8.5,,,27,18.8,5,,10.5,6166418,,0,,,,,,0,,,ON,,,,0.8,0,8,
-78.36666666666666,44.233333333333334,,0,2006,2006-08-06 00:00:00,,0,PETERBOROUGH A,6166418.2006.8.6,,,26.5,20,6,,13.5,6166418,,0,,,,,,0,,,ON,,,,2,0,8,
-78.36666666666666,44.233333333333334,,0,2006,2006-08-07 00:00:00,,0,PETERBOROUGH A,6166418.2006.8.7,,,29,23.3,7,,17.5,6166418,,0,,,,,,0,,,ON,,,,5.3,0,8,
-78.36666666666666,44.233333333333334,,0,2006,2006-08-08 00:00:00,,0,PETERBOROUGH A,6166418.2006.8.8,,,26,20.8,8,,15.5,6166418,,0,,,,,,0,,,ON,,,,2.8,0,8,
-78.36666666666666,44.233333333333334,,1,2006,2006-08-09 00:00:00,,0,PETERBOROUGH A,6166418.2006.8.9,,,27,17,9,,7,6166418,,0,,,,,,0,,,ON,,,,0,0,8,
-78.36666666666666,44.233333333333334,,0,2006,2006-08-10 00:00:00,,0,PETERBOROUGH A,6166418.2006.8.10,,E,24.5,18.5,10,,12.5,6166418,E,0,,E,E,,,0,,,ON,,,,0.5,0,8,
-78.36666666666666,44.233333333333334,,1.2,2006,2006-08-11 00:00:00,,0,PETERBOROUGH A,6166418.2006.8.11,,,23.5,16.8,11,,10,6166418,,0,,,,,,0,,,ON,,,,0,0,8,
-78.36666666666666,44.233333333333334,,4,2006,2006-08-12 00:00:00,,0,PETERBOROUGH A,6166418.2006.8.12,,,24.5,14,12,,3.5,6166418,,0,,,,,,0,,,ON,,,,0,0,8,
-78.36666666666666,44.233333333333334,,2.5,2006,2006-08-13 00:00:00,,0,PETERBOROUGH A,6166418.2006.8.13,,,26,15.5,13,,5,6166418,,0,,,,,,0,,,ON,,,,0,0,8,
-78.36666666666666,44.233333333333334,,0.5,2006,2006-08-14 00:00:00,,0,PETERBOROUGH A,6166418.2006.8.14,,,26.5,17.5,14,,8.5,6166418,,3.2,,,,,,3.2,,,ON,,,,0,0,8,
-78.36666666666666,44.233333333333334,,0,2006,2006-08-15 00:00:00,,0,PETERBOROUGH A,6166418.2006.8.15,,,25,18.5,15,,12,6166418,,0,,,,,,0,,,ON,,,,0.5,0,8,
-78.36666666666666,44.233333333333334,,0,2006,2006-08-16 00:00:00,,0,PETERBOROUGH A,6166418.2006.8.16,,,26.5,18.5,16,,10.5,6166418,,0,,,,,,0,,,ON,,,,0.5,0,8,
-78.36666666666666,44.233333333333334,,0.7,2006,2006-08-17 00:00:00,,0,PETERBOROUGH A,6166418.2006.8.17,,,26.5,17.3,17,,8,6166418,,0,,,,,,0,,,ON,,,,0,0,8,
-78.36666666666666,44.233333333333334,,0,2006,2006-08-18 00:00:00,,0,PETERBOROUGH A,6166418.2006.8.18,,,29,22.3,18,,15.5,6166418,,0,,,,,,0,,,ON,,,,4.3,0,8,
-78.36666666666666,44.233333333333334,,0,2006,2006-08-19 00:00:00,,0,PETERBOROUGH A,6166418.2006.8.19,,,26,21,19,,16,6166418,,0,,,,,,0,,,ON,,,,3,0,8,
-78.36666666666666,44.233333333333334,,0,2006,2006-08-20 00:00:00,,0,PETERBOROUGH A,6166418.2006.8.20,,,20.5,18.3,20,,16,6166418,,0,T,,,,T,0,,,ON,,,,0.3,0,8,
-78.36666666666666,44.233333333333334,,1.5,2006,2006-08-21 00:00:00,,0,PETERBOROUGH A,6166418.2006.8.21,,,26.5,16.5,21,,6.5,6166418,,0,,,,,,0,,,ON,,,,0,0,8,
-78.36666666666666,44.233333333333334,,0,2006,2006-08-22 00:00:00,,0,PETERBOROUGH A,6166418.2006.8.22,,,27.5,18.5,22,,9.5,6166418,,0,,,,,,0,,,ON,,,,0.5,0,8,
-78.36666666666666,44.233333333333334,,2.5,2006,2006-08-23 00:00:00,,0,PETERBOROUGH A,6166418.2006.8.23,,,24,15.5,23,,7,6166418,,1.2,,,,,,1.2,,,ON,,,,0,0,8,
-78.36666666666666,44.233333333333334,,0,2006,2006-08-24 00:00:00,,0,PETERBOROUGH A,6166418.2006.8.24,,,23.5,18.5,24,,13.5,6166418,,0,,,,,,0,,,ON,,,,0.5,0,8,
-78.36666666666666,44.233333333333334,,2.5,2006,2006-08-25 00:00:00,,0,PETERBOROUGH A,6166418.2006.8.25,,,19.5,15.5,25,,11.5,6166418,,4.2,,,,,,4.2,,,ON,,,,0,0,8,
-78.36666666666666,44.233333333333334,,1.2,2006,2006-08-26 00:00:00,,0,PETERBOROUGH A,6166418.2006.8.26,,,24,16.8,26,,9.5,6166418,,1.6,,,,,,1.6,,,ON,,,,0,0,8,
-78.36666666666666,44.233333333333334,,0,2006,2006-08-27 00:00:00,,0,PETERBOROUGH A,6166418.2006.8.27,,,24.5,22,27,,19.5,6166418,,2.6,,,,,,2.6,,,ON,,,,4,0,8,
-78.36666666666666,44.233333333333334,,0,2006,2006-08-28 00:00:00,,0,PETERBOROUGH A,6166418.2006.8.28,,,26,20.8,28,,15.5,6166418,,1.8,,,,,,1.8,,,ON,,,,2.8,0,8,
-78.36666666666666,44.233333333333334,,0,2006,2006-08-29 00:00:00,,0,PETERBOROUGH A,6166418.2006.8.29,,,25.5,20.8,29,,16,6166418,,0,,,,,,0,,,ON,,,,2.8,0,8,
-78.36666666666666,44.233333333333334,,0,2006,2006-08-30 00:00:00,,0,PETERBOROUGH A,6166418.2006.8.30,,,23,18,30,,13,6166418,,0,,,,,,0,,,ON,,,,0,0,8,
-78.36666666666666,44.233333333333334,,5.2,2006,2006-08-31 00:00:00,,0,PETERBOROUGH A,6166418.2006.8.31,,,23,12.8,31,,2.5,6166418,,0,,,,,,0,,,ON,,,,0,0,8,
-78.36666666666666,44.233333333333334,,3.2,2006,2006-09-01 00:00:00,,0,PETERBOROUGH A,6166418.2006.9.1,,,23.5,14.8,1,,6,6166418,,0,,,,,,0,,,ON,,,,0,0,9,
-78.36666666666666,44.233333333333334,,2.5,2006,2006-09-02 00:00:00,,0,PETERBOROUGH A,6166418.2006.9.2,,,17.5,15.5,2,,13.5,6166418,,26.8,,,,,,26.8,,,ON,,,,0,0,9,
-78.36666666666666,44.233333333333334,,3.5,2006,2006-09-03 00:00:00,,0,PETERBOROUGH A,6166418.2006.9.3,,,17,14.5,3,,12,6166418,,3,,,,,,3,,,ON,,,,0,0,9,
-78.36666666666666,44.233333333333334,,2.2,2006,2006-09-04 00:00:00,,0,PETERBOROUGH A,6166418.2006.9.4,,,19,15.8,4,,12.5,6166418,,0,,,,,,0,,,ON,,,,0,0,9,
-78.36666666666666,44.233333333333334,,1.2,2006,2006-09-05 00:00:00,,0,PETERBOROUGH A,6166418.2006.9.5,,,19,16.8,5,,14.5,6166418,,0,,,,,,0,,,ON,,,,0,0,9,
-78.36666666666666,44.233333333333334,,3.7,2006,2006-09-06 00:00:00,,0,PETERBOROUGH A,6166418.2006.9.6,,,20.5,14.3,6,,8,6166418,,0,,,,,,0,,,ON,,,,0,0,9,
-78.36666666666666,44.233333333333334,,0,2006,2006-09-07 00:00:00,,0,PETERBOROUGH A,6166418.2006.9.7,,,23.5,18,7,,12.5,6166418,,0,,,,,,0,,,ON,,,,0,0,9,
-78.36666666666666,44.233333333333334,,1,2006,2006-09-08 00:00:00,,0,PETERBOROUGH A,6166418.2006.9.8,,,26,17,8,,8,6166418,,11.8,,,,,,11.8,,,ON,,,,0,0,9,
-78.36666666666666,44.233333333333334,,2.7,2006,2006-09-09 00:00:00,,0,PETERBOROUGH A,6166418.2006.9.9,,,16.5,15.3,9,,14,6166418,,0,T,,,,T,0,,,ON,,,,0,0,9,
-78.36666666666666,44.233333333333334,,8.5,2006,2006-09-10 00:00:00,,0,PETERBOROUGH A,6166418.2006.9.10,,,18.5,9.5,10,,0.5,6166418,,0,,,,,,0,,,ON,,,,0,0,9,
-78.36666666666666,44.233333333333334,,7.2,2006,2006-09-11 00:00:00,,0,PETERBOROUGH A,6166418.2006.9.11,,,18.5,10.8,11,,3,6166418,,0,,,,,,0,,,ON,,,,0,0,9,
-78.36666666666666,44.233333333333334,,5,2006,2006-09-12 00:00:00,,0,PETERBOROUGH A,6166418.2006.9.12,,,19.5,13,12,,6.5,6166418,,3.2,,,,,,3.2,,,ON,,,,0,0,9,
-78.36666666666666,44.233333333333334,,2,2006,2006-09-13 00:00:00,,0,PETERBOROUGH A,6166418.2006.9.13,,,18,16,13,,14,6166418,,14.4,,,,,,14.4,,,ON,,,,0,0,9,
-78.36666666666666,44.233333333333334,,1.5,2006,2006-09-14 00:00:00,,0,PETERBOROUGH A,6166418.2006.9.14,,,17.5,16.5,14,,15.5,6166418,,4.2,,,,,,4.2,,,ON,,,,0,0,9,
-78.36666666666666,44.233333333333334,,0.7,2006,2006-09-15 00:00:00,,0,PETERBOROUGH A,6166418.2006.9.15,,,20.5,17.3,15,,14,6166418,,0,,,,,,0,,,ON,,,,0,0,9,
-78.36666666666666,44.233333333333334,,2.7,2006,2006-09-16 00:00:00,,0,PETERBOROUGH A,6166418.2006.9.16,,,21,15.3,16,,9.5,6166418,,0,T,,,,T,0,,,ON,,,,0,0,9,
-78.36666666666666,44.233333333333334,,1.5,2006,2006-09-17 00:00:00,,0,PETERBOROUGH A,6166418.2006.9.17,,,23,16.5,17,,10,6166418,,0,,,,,,0,,,ON,,,,0,0,9,
-78.36666666666666,44.233333333333334,,0,2006,2006-09-18 00:00:00,,0,PETERBOROUGH A,6166418.2006.9.18,,,25,18.8,18,,12.5,6166418,,16.4,,,,,,16.4,,,ON,,,,0.8,0,9,
-78.36666666666666,44.233333333333334,,1.7,2006,2006-09-19 00:00:00,,0,PETERBOROUGH A,6166418.2006.9.19,,,19.5,16.3,19,,13,6166418,,0,T,,,,T,0,,,ON,,,,0,0,9,
-78.36666666666666,44.233333333333334,,6,2006,2006-09-20 00:00:00,,0,PETERBOROUGH A,6166418.2006.9.20,,,16,12,20,,8,6166418,,3.2,,,,,,3.2,,,ON,,,,0,0,9,
-78.36666666666666,44.233333333333334,,8.2,2006,2006-09-21 00:00:00,,0,PETERBOROUGH A,6166418.2006.9.21,,,17,9.8,21,,2.5,6166418,,0,,,,,,0,,,ON,,,,0,0,9,
-78.36666666666666,44.233333333333334,,8.7,2006,2006-09-22 00:00:00,,0,PETERBOROUGH A,6166418.2006.9.22,,,18,9.3,22,,0.5,6166418,,3,,,,,,3,,,ON,,,,0,0,9,
-78.36666666666666,44.233333333333334,,0,2006,2006-09-23 00:00:00,,0,PETERBOROUGH A,6166418.2006.9.23,,,23,18.5,23,,14,6166418,,6,,,,,,6,,,ON,,,,0.5,0,9,
-78.36666666666666,44.233333333333334,,0,2006,2006-09-24 00:00:00,,0,PETERBOROUGH A,6166418.2006.9.24,,,20,18,24,,16,6166418,,0.3,,,,,,0.3,,,ON,,,,0,0,9,
-78.36666666666666,44.233333333333334,,7,2006,2006-09-25 00:00:00,,0,PETERBOROUGH A,6166418.2006.9.25,,,16,11,25,,6,6166418,,5.6,,,,,,5.6,,,ON,,,,0,0,9,
-78.36666666666666,44.233333333333334,,7.5,2006,2006-09-26 00:00:00,,0,PETERBOROUGH A,6166418.2006.9.26,,,17.5,10.5,26,,3.5,6166418,,0,T,,,,T,0,,,ON,,,,0,0,9,
-78.36666666666666,44.233333333333334,,6.2,2006,2006-09-27 00:00:00,,0,PETERBOROUGH A,6166418.2006.9.27,,,21.5,11.8,27,,2,6166418,,4.4,,,,,,4.4,,,ON,,,,0,0,9,
-78.36666666666666,44.233333333333334,,6.5,2006,2006-09-28 00:00:00,,0,PETERBOROUGH A,6166418.2006.9.28,,,12.5,11.5,28,,10.5,6166418,,3.2,,,,,,3.2,,,ON,,,,0,0,9,
-78.36666666666666,44.233333333333334,,10,2006,2006-09-29 00:00:00,,0,PETERBOROUGH A,6166418.2006.9.29,,,13,8,29,,3,6166418,,0,,,,,,0,,,ON,,,,0,0,9,
-78.36666666666666,44.233333333333334,,10.7,2006,2006-09-30 00:00:00,,0,PETERBOROUGH A,6166418.2006.9.30,,,15,7.3,30,,-0.5,6166418,,0.6,,,,,,0.6,,,ON,,,,0,0,9,
-78.36666666666666,44.233333333333334,,5,2006,2006-10-01 00:00:00,,0,PETERBOROUGH A,6166418.2006.10.1,,,16,13,1,,10,6166418,,0.2,,,,,,0.2,,,ON,,,,0,0,10,
-78.36666666666666,44.233333333333334,,7.7,2006,2006-10-02 00:00:00,,0,PETERBOROUGH A,6166418.2006.10.2,,,18,10.3,2,,2.5,6166418,,0,,,,,,0,,,ON,,,,0,0,10,
-78.36666666666666,44.233333333333334,,1.5,2006,2006-10-03 00:00:00,,0,PETERBOROUGH A,6166418.2006.10.3,,,24,16.5,3,,9,6166418,,0,T,,,,T,0,,,ON,,,,0,0,10,
-78.36666666666666,44.233333333333334,,3.5,2006,2006-10-04 00:00:00,,0,PETERBOROUGH A,6166418.2006.10.4,,,18.5,14.5,4,,10.5,6166418,,5.8,,,,,,5.8,,,ON,,,,0,0,10,
-78.36666666666666,44.233333333333334,,11.7,2006,2006-10-05 00:00:00,,0,PETERBOROUGH A,6166418.2006.10.5,,,12,6.3,5,,0.5,6166418,,0,,,,,,0,,,ON,,,,0,0,10,
-78.36666666666666,44.233333333333334,,11,2006,2006-10-06 00:00:00,,0,PETERBOROUGH A,6166418.2006.10.6,,,14.5,7,6,,-0.5,6166418,,0,,,,,,0,,,ON,,,,0,0,10,
-78.36666666666666,44.233333333333334,,11.5,2006,2006-10-07 00:00:00,,0,PETERBOROUGH A,6166418.2006.10.7,,,17,6.5,7,,-4,6166418,,0,,,,,,0,,,ON,,,,0,0,10,
-78.36666666666666,44.233333333333334,,8.7,2006,2006-10-08 00:00:00,,0,PETERBOROUGH A,6166418.2006.10.8,,,21,9.3,8,,-2.5,6166418,,0,,,,,,0,,,ON,,,,0,0,10,
-78.36666666666666,44.233333333333334,,6,2006,2006-10-09 00:00:00,,0,PETERBOROUGH A,6166418.2006.10.9,,,21,12,9,,3,6166418,,0,,,,,,0,,,ON,,,,0,0,10,
-78.36666666666666,44.233333333333334,,6.7,2006,2006-10-10 00:00:00,,0,PETERBOROUGH A,6166418.2006.10.10,E,E,14,11.3,10,,8.5,6166418,E,10.2,,E,,,,10.2,,,ON,,,,0,0,10,
-78.36666666666666,44.233333333333334,,6.5,2006,2006-10-11 00:00:00,,0,PETERBOROUGH A,6166418.2006.10.11,,,15.5,11.5,11,,7.5,6166418,,33,,,,,,33,,,ON,,,,0,0,10,
-78.36666666666666,44.233333333333334,,13,2006,2006-10-12 00:00:00,,0,PETERBOROUGH A,6166418.2006.10.12,,,8.5,5,12,,1.5,6166418,,0,T,,,,,0,,,ON,,,T,0,0,10,
-78.36666666666666,44.233333333333334,,15.2,2006,2006-10-13 00:00:00,,0,PETERBOROUGH A,6166418.2006.10.13,,,6.5,2.8,13,,-1,6166418,,5.7,,,,,,5.7,,,ON,,,T,0,0,10,
-78.36666666666666,44.233333333333334,,14,2006,2006-10-14 00:00:00,,0,PETERBOROUGH A,6166418.2006.10.14,,,8.5,4,14,,-0.5,6166418,,3.4,,,,,,3.4,,,ON,,,T,0,0,10,
-78.36666666666666,44.233333333333334,,14,2006,2006-10-15 00:00:00,,0,PETERBOROUGH A,6166418.2006.10.15,,,10,4,15,,-2,6166418,,0,,,,,,0,,,ON,,,,0,0,10,
-78.36666666666666,44.233333333333334,,12,2006,2006-10-16 00:00:00,,0,PETERBOROUGH A,6166418.2006.10.16,,,15,6,16,,-3,6166418,,0.6,,,,,,0.6,,,ON,,,,0,0,10,
-78.36666666666666,44.233333333333334,,9,2006,2006-10-17 00:00:00,,0,PETERBOROUGH A,6166418.2006.10.17,,,13.5,9,17,,4.5,6166418,,20.4,,,,,,20.4,,,ON,,,,0,0,10,
-78.36666666666666,44.233333333333334,,5.5,2006,2006-10-18 00:00:00,,0,PETERBOROUGH A,6166418.2006.10.18,,,15,12.5,18,,10,6166418,,2,,,,,,2,,,ON,,,,0,0,10,
-78.36666666666666,44.233333333333334,,6.7,2006,2006-10-19 00:00:00,,0,PETERBOROUGH A,6166418.2006.10.19,,,14,11.3,19,,8.5,6166418,,2,,,,,,2,,,ON,,,,0,0,10,
-78.36666666666666,44.233333333333334,,13,2006,2006-10-20 00:00:00,,0,PETERBOROUGH A,6166418.2006.10.20,,,6.5,5,20,,3.5,6166418,,3,,,,,,3,,,ON,,,,0,0,10,
-78.36666666666666,44.233333333333334,,13.2,2006,2006-10-21 00:00:00,,0,PETERBOROUGH A,6166418.2006.10.21,,,9.5,4.8,21,,0,6166418,,2.8,,,,,,2.8,,,ON,,,,0,0,10,
-78.36666666666666,44.233333333333334,,12.5,2006,2006-10-22 00:00:00,,0,PETERBOROUGH A,6166418.2006.10.22,,,8,5.5,22,,3,6166418,,15.6,,,,,,15.6,,,ON,,,,0,0,10,
-78.36666666666666,44.233333333333334,,12.7,2006,2006-10-23 00:00:00,,0,PETERBOROUGH A,6166418.2006.10.23,,,6.5,5.3,23,,4,6166418,,0.2,,,,,,0.2,,,ON,,,,0,0,10,
-78.36666666666666,44.233333333333334,,13.2,2006,2006-10-24 00:00:00,,0,PETERBOROUGH A,6166418.2006.10.24,,,7.5,4.8,24,,2,6166418,,0,T,,,,T,0,,,ON,,,,0,0,10,
-78.36666666666666,44.233333333333334,,12.7,2006,2006-10-25 00:00:00,,0,PETERBOROUGH A,6166418.2006.10.25,,,8.5,5.3,25,,2,6166418,,0,,,,,,0,,,ON,,,,0,0,10,
-78.36666666666666,44.233333333333334,,15.7,2006,2006-10-26 00:00:00,,0,PETERBOROUGH A,6166418.2006.10.26,,,7,2.3,26,,-2.5,6166418,,0,,,,,,0,,,ON,,,,0,0,10,
-78.36666666666666,44.233333333333334,,17,2006,2006-10-27 00:00:00,,0,PETERBOROUGH A,6166418.2006.10.27,,,7,1,27,,-5,6166418,,8.6,,,,,,8.6,,,ON,,,,0,0,10,
-78.36666666666666,44.233333333333334,,13,2006,2006-10-28 00:00:00,,0,PETERBOROUGH A,6166418.2006.10.28,,,7,5,28,,3,6166418,,12.5,,,,,,12.5,,,ON,,,T,0,0,10,
-78.36666666666666,44.233333333333334,,15.2,2006,2006-10-29 00:00:00,,0,PETERBOROUGH A,6166418.2006.10.29,,,5,2.8,29,,0.5,6166418,,5.8,,,,,,5.8,,,ON,,,T,0,0,10,
-78.36666666666666,44.233333333333334,,12,2006,2006-10-30 00:00:00,,0,PETERBOROUGH A,6166418.2006.10.30,,,12.5,6,30,,-0.5,6166418,,0,T,,,,T,0,,,ON,,,,0,0,10,
-78.36666666666666,44.233333333333334,,11.2,2006,2006-10-31 00:00:00,,0,PETERBOROUGH A,6166418.2006.10.31,,,15,6.8,31,,-1.5,6166418,,0.6,,,,,,0.6,,,ON,,,,0,0,10,
-78.36666666666666,44.233333333333334,,14.5,2006,2006-11-01 00:00:00,,0,PETERBOROUGH A,6166418.2006.11.1,,,8.5,3.5,1,,-1.5,6166418,,0,,,,,,0,,,ON,,,,0,0,11,
-78.36666666666666,44.233333333333334,,17.7,2006,2006-11-02 00:00:00,,2,PETERBOROUGH A,6166418.2006.11.2,,,5.5,0.3,2,,-5,6166418,,0,,,,,,1.4,,,ON,,,,0,0,11,
-78.36666666666666,44.233333333333334,,19,2006,2006-11-03 00:00:00,,3,PETERBOROUGH A,6166418.2006.11.3,,,2,-1,3,,-4,6166418,,0,,,,,,2.8,,,ON,,,,0,2,11,
-78.36666666666666,44.233333333333334,,19.3,2006,2006-11-04 00:00:00,,0,PETERBOROUGH A,6166418.2006.11.4,,,4.5,-1.3,4,,-7,6166418,,0,T,,,,T,0,,,ON,,,,0,3,11,
-78.36666666666666,44.233333333333334,,15.5,2006,2006-11-05 00:00:00,,0,PETERBOROUGH A,6166418.2006.11.5,,E,7,2.5,5,,-2,6166418,E,0,,E,E,,,0,,,ON,,,,0,0,11,
-78.36666666666666,44.233333333333334,,12,2006,2006-11-06 00:00:00,,0,PETERBOROUGH A,6166418.2006.11.6,,,14,6,6,,-2,6166418,,0,T,,,,T,0,,,ON,,,,0,0,11,
-78.36666666666666,44.233333333333334,,11.2,2006,2006-11-07 00:00:00,,0,PETERBOROUGH A,6166418.2006.11.7,,,12.5,6.8,7,,1,6166418,,15,,,,,,15,,,ON,,,,0,0,11,
-78.36666666666666,44.233333333333334,,9.2,2006,2006-11-08 00:00:00,,0,PETERBOROUGH A,6166418.2006.11.8,,,11,8.8,8,,6.5,6166418,,1,,,,,,1,,,ON,,,,0,0,11,
-78.36666666666666,44.233333333333334,,7.2,2006,2006-11-09 00:00:00,,0,PETERBOROUGH A,6166418.2006.11.9,,,13,10.8,9,,8.5,6166418,,0,T,,,,T,0,,,ON,,,,0,0,11,
-78.36666666666666,44.233333333333334,,12.7,2006,2006-11-10 00:00:00,,0,PETERBOROUGH A,6166418.2006.11.10,,,10,5.3,10,,0.5,6166418,,3.2,,,,,,3.2,,,ON,,,,0,0,11,
-78.36666666666666,44.233333333333334,,16.2,2006,2006-11-11 00:00:00,,0,PETERBOROUGH A,6166418.2006.11.11,,,4.5,1.8,11,,-1,6166418,,4.6,,,,,,4.6,,,ON,,,,0,0,11,
-78.36666666666666,44.233333333333334,,14.7,2006,2006-11-12 00:00:00,,0,PETERBOROUGH A,6166418.2006.11.12,,,5.5,3.3,12,,1,6166418,,0,T,,,,T,0,,,ON,,,,0,0,11,
-78.36666666666666,44.233333333333334,,14.5,2006,2006-11-13 00:00:00,,0,PETERBOROUGH A,6166418.2006.11.13,,,5,3.5,13,,2,6166418,,4.6,,,,,,4.6,,,ON,,,,0,0,11,
-78.36666666666666,44.233333333333334,,12.5,2006,2006-11-14 00:00:00,,0,PETERBOROUGH A,6166418.2006.11.14,,,6.5,5.5,14,,4.5,6166418,,0.4,,,,,,0.4,,,ON,,,,0,0,11,
-78.36666666666666,44.233333333333334,,12.5,2006,2006-11-15 00:00:00,,0,PETERBOROUGH A,6166418.2006.11.15,,,11,5.5,15,,0,6166418,,16.6,,,,,,16.6,,,ON,,,,0,0,11,
-78.36666666666666,44.233333333333334,,8.7,2006,2006-11-16 00:00:00,,0,PETERBOROUGH A,6166418.2006.11.16,,,14.5,9.3,16,,4,6166418,,20.6,,,,,,20.6,,,ON,,,,0,0,11,
-78.36666666666666,44.233333333333334,,13.5,2006,2006-11-17 00:00:00,,0,PETERBOROUGH A,6166418.2006.11.17,,,5,4.5,17,,4,6166418,,0.6,,,,,,0.6,,,ON,,,,0,0,11,
-78.36666666666666,44.233333333333334,,14.7,2006,2006-11-18 00:00:00,,0,PETERBOROUGH A,6166418.2006.11.18,,,4,3.3,18,,2.5,6166418,,0.4,,,,,,0.4,,,ON,,,T,0,0,11,
-78.36666666666666,44.233333333333334,,17.5,2006,2006-11-19 00:00:00,,0,PETERBOROUGH A,6166418.2006.11.19,,,1.5,0.5,19,,-0.5,6166418,,0,T,,,,,0,,,ON,,,T,0,0,11,
-78.36666666666666,44.233333333333334,T,19.5,2006,2006-11-20 00:00:00,,0,PETERBOROUGH A,6166418.2006.11.20,,,0,-1.5,20,,-3,6166418,,0,,,,,,0,,,ON,,,,0,0,11,
-78.36666666666666,44.233333333333334,,19.3,2006,2006-11-21 00:00:00,,0,PETERBOROUGH A,6166418.2006.11.21,E,E,4,-1.3,21,,-6.5,6166418,E,0,,E,,,,0,,,ON,,,,0,0,11,
-78.36666666666666,44.233333333333334,,17.2,2006,2006-11-22 00:00:00,,0,PETERBOROUGH A,6166418.2006.11.22,,,7.5,0.8,22,,-6,6166418,,0,,,,,,0,,,ON,,,,0,0,11,
-78.36666666666666,44.233333333333334,,15.7,2006,2006-11-23 00:00:00,,0,PETERBOROUGH A,6166418.2006.11.23,,,11.5,2.3,23,,-7,6166418,,0,,,,,,0,,,ON,,,,0,0,11,
-78.36666666666666,44.233333333333334,,15.2,2006,2006-11-24 00:00:00,,0,PETERBOROUGH A,6166418.2006.11.24,,,9.5,2.8,24,,-4,6166418,,0,,,,,,0,,,ON,,,,0,0,11,
-78.36666666666666,44.233333333333334,,15,2006,2006-11-25 00:00:00,,0,PETERBOROUGH A,6166418.2006.11.25,,,12,3,25,,-6,6166418,,0,,,,,,0,,,ON,,,,0,0,11,
-78.36666666666666,44.233333333333334,,13.5,2006,2006-11-26 00:00:00,,0,PETERBOROUGH A,6166418.2006.11.26,,,12,4.5,26,,-3,6166418,,0,T,,,,T,0,,,ON,,,,0,0,11,
-78.36666666666666,44.233333333333334,,11,2006,2006-11-27 00:00:00,,0,PETERBOROUGH A,6166418.2006.11.27,,,11,7,27,,3,6166418,,2,,,,,,2,,,ON,,,,0,0,11,
-78.36666666666666,44.233333333333334,,15,2006,2006-11-28 00:00:00,,0,PETERBOROUGH A,6166418.2006.11.28,,,4,3,28,,2,6166418,,0.6,,,,,,0.6,,,ON,,,,0,0,11,
-78.36666666666666,44.233333333333334,,9.7,2006,2006-11-29 00:00:00,,0,PETERBOROUGH A,6166418.2006.11.29,,,15,8.3,29,,1.5,6166418,,4.4,,,,,,4.4,,,ON,,,,0,0,11,
-78.36666666666666,44.233333333333334,,9,2006,2006-11-30 00:00:00,,0,PETERBOROUGH A,6166418.2006.11.30,,,14,9,30,,4,6166418,,21,,,,,,21,,,ON,,,,0,0,11,
-78.36666666666666,44.233333333333334,,16.2,2006,2006-12-01 00:00:00,,0,PETERBOROUGH A,6166418.2006.12.1,,,3.5,1.8,1,,0,6166418,,37.2,,,,,,37.2,,,ON,,,T,0,0,12,
-78.36666666666666,44.233333333333334,,17.2,2006,2006-12-02 00:00:00,,0,PETERBOROUGH A,6166418.2006.12.2,,,2.5,0.8,2,,-1,6166418,,0,T,,,,,0,,,ON,,,T,0,0,12,
-78.36666666666666,44.233333333333334,T,19.3,2006,2006-12-03 00:00:00,,0,PETERBOROUGH A,6166418.2006.12.3,,,1.5,-1.3,3,,-4,6166418,,0,T,,,,,0,,,ON,,,T,0,0,12,
-78.36666666666666,44.233333333333334,,22.3,2006,2006-12-04 00:00:00,,2,PETERBOROUGH A,6166418.2006.12.4,,,-2,-4.3,4,,-6.5,6166418,,0,,,,,,2,,,ON,,,,0,0,12,
-78.36666666666666,44.233333333333334,,24.3,2006,2006-12-05 00:00:00,,0,PETERBOROUGH A,6166418.2006.12.5,,,0,-6.3,5,,-12.5,6166418,,0,T,,,,,0,,,ON,,,T,0,2,12,
-78.36666666666666,44.233333333333334,,19.8,2006,2006-12-06 00:00:00,,2.4,PETERBOROUGH A,6166418.2006.12.6,,,2.5,-1.8,6,,-6,6166418,,0.6,,,,,,3.2,,,ON,,,,0,1,12,
-78.36666666666666,44.233333333333334,,26.3,2006,2006-12-07 00:00:00,,0,PETERBOROUGH A,6166418.2006.12.7,,,-3,-8.3,7,,-13.5,6166418,,0,T,,,,,0,,,ON,,,T,0,2,12,
-78.36666666666666,44.233333333333334,,27.3,2006,2006-12-08 00:00:00,,0,PETERBOROUGH A,6166418.2006.12.8,,,-3.5,-9.3,8,,-15,6166418,,0,T,,,,,0,,,ON,,,T,0,0,12,
-78.36666666666666,44.233333333333334,T,19.8,2006,2006-12-09 00:00:00,,0,PETERBOROUGH A,6166418.2006.12.9,,,2,-1.8,9,,-5.5,6166418,,0,,,,,,0,,,ON,,,,0,0,12,
-78.36666666666666,44.233333333333334,T,14.7,2006,2006-12-10 00:00:00,,0,PETERBOROUGH A,6166418.2006.12.10,,,6.5,3.3,10,,0,6166418,,2.8,,,,,,2.8,,,ON,,,,0,0,12,
-78.36666666666666,44.233333333333334,,16.5,2006,2006-12-11 00:00:00,,0,PETERBOROUGH A,6166418.2006.12.11,,,4,1.5,11,,-1,6166418,,0.8,,,,,,0.8,,,ON,,,,0,0,12,
-78.36666666666666,44.233333333333334,,13.5,2006,2006-12-12 00:00:00,,0,PETERBOROUGH A,6166418.2006.12.12,,,7.5,4.5,12,,1.5,6166418,,3.4,,,,,,3.4,,,ON,,,,0,0,12,
-78.36666666666666,44.233333333333334,,11.5,2006,2006-12-13 00:00:00,,0,PETERBOROUGH A,6166418.2006.12.13,,,8.5,6.5,13,,4.5,6166418,,0.6,,,,,,0.6,,,ON,,,,0,0,12,
-78.36666666666666,44.233333333333334,,13.5,2006,2006-12-14 00:00:00,,0,PETERBOROUGH A,6166418.2006.12.14,,,8.5,4.5,14,,0.5,6166418,,0.4,,,,,,0.4,,,ON,,,,0,0,12,
-78.36666666666666,44.233333333333334,,11.7,2006,2006-12-15 00:00:00,,0,PETERBOROUGH A,6166418.2006.12.15,,,10.5,6.3,15,,2,6166418,,1.9,,,,,,1.9,,,ON,,,,0,0,12,
-78.36666666666666,44.233333333333334,,14.5,2006,2006-12-16 00:00:00,,0,PETERBOROUGH A,6166418.2006.12.16,,,8.5,3.5,16,,-1.5,6166418,,0,,,,,,0,,,ON,,,,0,0,12,
-78.36666666666666,44.233333333333334,,13,2006,2006-12-17 00:00:00,,0,PETERBOROUGH A,6166418.2006.12.17,,,11,5,17,,-1,6166418,,0,T,,,,T,0,,,ON,,,,0,0,12,
-78.36666666666666,44.233333333333334,,16.5,2006,2006-12-18 00:00:00,,0,PETERBOROUGH A,6166418.2006.12.18,,,4.5,1.5,18,,-1.5,6166418,,0,,,,,,0,,,ON,,,,0,0,12,
-78.36666666666666,44.233333333333334,,17.5,2006,2006-12-19 00:00:00,,0,PETERBOROUGH A,6166418.2006.12.19,,,3.5,0.5,19,,-2.5,6166418,,0,T,,,,,0,,,ON,,,T,0,0,12,
-78.36666666666666,44.233333333333334,,17.5,2006,2006-12-20 00:00:00,,0,PETERBOROUGH A,6166418.2006.12.20,,,7.5,0.5,20,,-6.5,6166418,,0,,,,,,0,,,ON,,,,0,0,12,
-78.36666666666666,44.233333333333334,,15.2,2006,2006-12-21 00:00:00,,0,PETERBOROUGH A,6166418.2006.12.21,E,E,6,2.8,21,,-0.5,6166418,E,0,T,E,,,T,0,,,ON,,,,0,0,12,
-78.36666666666666,44.233333333333334,,16.2,2006,2006-12-22 00:00:00,,0,PETERBOROUGH A,6166418.2006.12.22,,,7.5,1.8,22,,-4,6166418,,13.2,,,,,,13.2,,,ON,,,,0,0,12,
-78.36666666666666,44.233333333333334,,14,2006,2006-12-23 00:00:00,,0,PETERBOROUGH A,6166418.2006.12.23,,,6,4,23,,2,6166418,,0,T,,,,T,0,,,ON,,,,0,0,12,
-78.36666666666666,44.233333333333334,,14.5,2006,2006-12-24 00:00:00,,0,PETERBOROUGH A,6166418.2006.12.24,,,7,3.5,24,,0,6166418,,0,,,,,,0,,,ON,,,,0,0,12,
-78.36666666666666,44.233333333333334,,18.3,2006,2006-12-25 00:00:00,,0.6,PETERBOROUGH A,6166418.2006.12.25,,,4.5,-0.3,25,,-5,6166418,,3.6,,,,,,4.2,,,ON,,,,0,0,12,
-78.36666666666666,44.233333333333334,T,16.2,2006,2006-12-26 00:00:00,,0,PETERBOROUGH A,6166418.2006.12.26,,,3.5,1.8,26,,0,6166418,,1.8,,,,,,1.8,,,ON,,,T,0,0,12,
-78.36666666666666,44.233333333333334,,20.5,2006,2006-12-27 00:00:00,,1,PETERBOROUGH A,6166418.2006.12.27,,,0,-2.5,27,,-5,6166418,,0,,,,,,0.4,,,ON,,,,0,0,12,
-78.36666666666666,44.233333333333334,,19.3,2006,2006-12-28 00:00:00,,0,PETERBOROUGH A,6166418.2006.12.28,,,3.5,-1.3,28,,-6,6166418,,0,,,,,,0,,,ON,,,,0,1,12,
-78.36666666666666,44.233333333333334,,25,2006,2006-12-29 00:00:00,,0,PETERBOROUGH A,6166418.2006.12.29,,,-4.5,-7,29,,-9.5,6166418,,0,,,,,,0,,,ON,,,,0,0,12,
-78.36666666666666,44.233333333333334,,20,2006,2006-12-30 00:00:00,,2,PETERBOROUGH A,6166418.2006.12.30,,,1.5,-2,30,,-5.5,6166418,,0,,,,,,1.2,,,ON,,,,0,0,12,
-78.36666666666666,44.233333333333334,,20.3,2006,2006-12-31 00:00:00,,0,PETERBOROUGH A,6166418.2006.12.31,,,6.5,-2.3,31,,-11,6166418,,6.4,,,,,,6.4,,,ON,,,,0,1,12,
-78.36666666666666,44.233333333333334,,13.5,2007,2007-01-01 00:00:00,,0,PETERBOROUGH A,6166418.2007.1.1,,,9.5,4.5,1,,-0.5,6166418,,0,T,,,,T,0,,,ON,,,,0,0,1,
-78.36666666666666,44.233333333333334,,16.5,2007,2007-01-02 00:00:00,,0,PETERBOROUGH A,6166418.2007.1.2,,,5,1.5,2,,-2,6166418,,0,,,,,,0,,,ON,,,,0,0,1,
-78.36666666666666,44.233333333333334,,14.5,2007,2007-01-03 00:00:00,,0,PETERBOROUGH A,6166418.2007.1.3,,,7,3.5,3,,-0.1,6166418,,0,,,,,,0,,,ON,,,,0,0,1,
-78.36666666666666,44.233333333333334,,12.5,2007,2007-01-04 00:00:00,,0,PETERBOROUGH A,6166418.2007.1.4,,,9.5,5.5,4,,1.5,6166418,,9.6,,,,,,9.6,,,ON,,,,0,0,1,
-78.36666666666666,44.233333333333334,,10,2007,2007-01-05 00:00:00,,0,PETERBOROUGH A,6166418.2007.1.5,,,10.5,8,5,,5.5,6166418,,3,,,,,,3,,,ON,,,,0,0,1,
-78.36666666666666,44.233333333333334,,11.5,2007,2007-01-06 00:00:00,,0,PETERBOROUGH A,6166418.2007.1.6,,,10,6.5,6,,3,6166418,,1.6,,,,,,1.6,,,ON,,,,0,0,1,
-78.36666666666666,44.233333333333334,,14.7,2007,2007-01-07 00:00:00,,0,PETERBOROUGH A,6166418.2007.1.7,,,4,3.3,7,,2.5,6166418,,0,T,,,,T,0,,,ON,,,T,0,0,1,
-78.36666666666666,44.233333333333334,,15.2,2007,2007-01-08 00:00:00,,0,PETERBOROUGH A,6166418.2007.1.8,,,5,2.8,8,,0.5,6166418,,2.2,,,,,,2.2,,,ON,,,T,0,0,1,
-78.36666666666666,44.233333333333334,,19.5,2007,2007-01-09 00:00:00,,5.2,PETERBOROUGH A,6166418.2007.1.9,,,1,-1.5,9,,-4,6166418,,0,,,,,,3,,,ON,,,,0,0,1,
-78.36666666666666,44.233333333333334,,26.5,2007,2007-01-10 00:00:00,,0,PETERBOROUGH A,6166418.2007.1.10,,,-6,-8.5,10,,-11,6166418,,0,T,,,,,0,,,ON,,,T,0,5,1,
-78.36666666666666,44.233333333333334,,22,2007,2007-01-11 00:00:00,,0,PETERBOROUGH A,6166418.2007.1.11,,,4,-4,11,,-12,6166418,,2.2,,,,,,2.2,,,ON,,,T,0,4,1,
-78.36666666666666,44.233333333333334,,14.5,2007,2007-01-12 00:00:00,,0,PETERBOROUGH A,6166418.2007.1.12,,,5.5,3.5,12,,1.5,6166418,,2.2,,,,,,2.2,,,ON,,,,0,0,1,
-78.36666666666666,44.233333333333334,,21,2007,2007-01-13 00:00:00,,0,PETERBOROUGH A,6166418.2007.1.13,,,-0.5,-3,13,,-5.5,6166418,,0,,,,,,0,,,ON,,,,0,0,1,
-78.36666666666666,44.233333333333334,,22.3,2007,2007-01-14 00:00:00,,1,PETERBOROUGH A,6166418.2007.1.14,,,-1.5,-4.3,14,,-7,6166418,,1,,,,,,4,,,ON,,,,0,0,1,
-78.36666666666666,44.233333333333334,,23.3,2007,2007-01-15 00:00:00,,7,PETERBOROUGH A,6166418.2007.1.15,,,-4,-5.3,15,,-6.5,6166418,,0.2,,,,,,10.6,,,ON,,,,0,1,1,
-78.36666666666666,44.233333333333334,,31,2007,2007-01-16 00:00:00,,0,PETERBOROUGH A,6166418.2007.1.16,,,-11,-13,16,,-15,6166418,,0,,,,,,0,,,ON,,,,0,8,1,
-78.36666666666666,44.233333333333334,,22.3,2007,2007-01-18 00:00:00,,2,PETERBOROUGH A,6166418.2007.1.18,,,0.5,-4.3,18,,-9,6166418,,0,,,,,,1.4,,,ON,,,,0,6,1,
-78.36666666666666,44.233333333333334,,18.8,2007,2007-01-19 00:00:00,,2,PETERBOROUGH A,6166418.2007.1.19,,,1.5,-0.8,19,,-3,6166418,,0,,,,,,0.6,,,ON,,,,0,8,1,
-78.36666666666666,44.233333333333334,,31.8,2007,2007-01-20 00:00:00,,7,PETERBOROUGH A,6166418.2007.1.20,,,-11.5,-13.8,20,,-16,6166418,,0,,,,,,7,,,ON,,,,0,8,1,
-78.36666666666666,44.233333333333334,,33.8,2007,2007-01-21 00:00:00,,1,PETERBOROUGH A,6166418.2007.1.21,,,-8.5,-15.8,21,,-23,6166418,,0,,,,,,0.8,,,ON,,,,0,6,1,
-78.36666666666666,44.233333333333334,,26.3,2007,2007-01-22 00:00:00,,0.4,PETERBOROUGH A,6166418.2007.1.22,,,-4.5,-8.3,22,,-12,6166418,,0,,,,,,0.4,,,ON,,,,0,7,1,
-78.36666666666666,44.233333333333334,,23.5,2007,2007-01-23 00:00:00,,1,PETERBOROUGH A,6166418.2007.1.23,,,0,-5.5,23,,-11,6166418,,0,,,,,,0.4,,,ON,,,,0,6,1,
-78.36666666666666,44.233333333333334,,26.3,2007,2007-01-24 00:00:00,,0,PETERBOROUGH A,6166418.2007.1.24,,,-6.5,-8.3,24,,-10,6166418,,0,T,,,,,0,,,ON,,,T,0,7,1,
-78.36666666666666,44.233333333333334,,35,2007,2007-01-25 00:00:00,,0,PETERBOROUGH A,6166418.2007.1.25,,,-14.5,-17,25,,-19.5,6166418,,0,,,,,,0,,,ON,,,,0,7,1,
-78.36666666666666,44.233333333333334,,36.5,2007,2007-01-26 00:00:00,,2,PETERBOROUGH A,6166418.2007.1.26,,,-11,-18.5,26,,-26,6166418,,0,,,,,T,1,,,ON,,,,0,6,1,
-78.36666666666666,44.233333333333334,,30.5,2007,2007-01-27 00:00:00,,3,PETERBOROUGH A,6166418.2007.1.27,,,-11,-12.5,27,,-14,6166418,,0,,,,,T,1.4,,,ON,,,,0,8,1,
-78.36666666666666,44.233333333333334,,30,2007,2007-01-28 00:00:00,,0,PETERBOROUGH A,6166418.2007.1.28,,,-8,-12,28,,-16,6166418,,0,,,,,,0,,,ON,,,,0,11,1,
-78.36666666666666,44.233333333333334,,35.3,2007,2007-01-29 00:00:00,,0,PETERBOROUGH A,6166418.2007.1.29,,,-8.5,-17.3,29,,-26,6166418,,0,,,,,,0,,,ON,,,,0,10,1,
-78.36666666666666,44.233333333333334,,32.5,2007,2007-01-30 00:00:00,,1,PETERBOROUGH A,6166418.2007.1.30,,,-11.5,-14.5,30,,-17.5,6166418,,0,,,,,,0.4,,,ON,,,,0,9,1,
-78.36666666666666,44.233333333333334,,31.3,2007,2007-01-31 00:00:00,,1,PETERBOROUGH A,6166418.2007.1.31,,,-3.5,-13.3,31,,-23,6166418,,0,,,,,,0.4,,,ON,,,,0,10,1,
-78.36666666666666,44.233333333333334,,24.3,2007,2007-02-01 00:00:00,,3,PETERBOROUGH A,6166418.2007.2.1,,,-2.5,-6.3,1,,-10,6166418,,0,,,,,,0.8,,,ON,,,,0,11,2,
-78.36666666666666,44.233333333333334,,29,2007,2007-02-03 00:00:00,,0,PETERBOROUGH A,6166418.2007.2.3,,,-7,-11,3,,-15,6166418,,0,T,,,,,0,,,ON,,,T,0,14,2,
-78.36666666666666,44.233333333333334,,32.3,2007,2007-02-04 00:00:00,,2,PETERBOROUGH A,6166418.2007.2.4,,,-12.5,-14.3,4,,-16,6166418,,0,,,,,,1.8,,,ON,,,,0,13,2,
-78.36666666666666,44.233333333333334,,34.5,2007,2007-02-05 00:00:00,,0,PETERBOROUGH A,6166418.2007.2.5,,,-12,-16.5,5,,-21,6166418,,0,T,,,,,0,,,ON,,,T,0,13,2,
-78.36666666666666,44.233333333333334,,30.8,2007,2007-02-06 00:00:00,,0,PETERBOROUGH A,6166418.2007.2.6,,,-9,-12.8,6,,-16.5,6166418,,0,T,,,,,0,,,ON,,,T,0,13,2,
-78.36666666666666,44.233333333333334,T,33.5,2007,2007-02-07 00:00:00,,3,PETERBOROUGH A,6166418.2007.2.7,,,-8,-15.5,7,,-23,6166418,,0,,,,,,3.2,,,ON,,,,0,0,2,
-78.36666666666666,44.233333333333334,,26.5,2007,2007-02-08 00:00:00,,2,PETERBOROUGH A,6166418.2007.2.8,,,-6,-8.5,8,,-11,6166418,,0,,,,,,1,,,ON,,,,0,12,2,
-78.36666666666666,44.233333333333334,,27.8,2007,2007-02-11 00:00:00,,0,PETERBOROUGH A,6166418.2007.2.11,,,-6.5,-9.8,11,,-13,6166418,,0,T,,,,,0,,,ON,,,T,0,12,2,
-78.36666666666666,44.233333333333334,,27.8,2007,2007-02-12 00:00:00,,0,PETERBOROUGH A,6166418.2007.2.12,,,-6.5,-9.8,12,,-13,6166418,,0,,,,,,0,,,ON,,,,0,11,2,
-78.36666666666666,44.233333333333334,,35.5,2007,2007-02-13 00:00:00,,6,PETERBOROUGH A,6166418.2007.2.13,,,-13,-17.5,13,,-22,6166418,,0,,,,,,6.2,,,ON,,,,0,0,2,
-78.36666666666666,44.233333333333334,,31,2007,2007-02-14 00:00:00,,2,PETERBOROUGH A,6166418.2007.2.14,,,-9,-13,14,,-17,6166418,,0,,,,,,1.8,,,ON,,,,0,10,2,
-78.36666666666666,44.233333333333334,,36.3,2007,2007-02-15 00:00:00,,0,PETERBOROUGH A,6166418.2007.2.15,,,-12.5,-18.3,15,,-24,6166418,,0,T,,,,,0,,,ON,,,T,0,18,2,
-78.36666666666666,44.233333333333334,,27.5,2007,2007-02-16 00:00:00,,0,PETERBOROUGH A,6166418.2007.2.16,,,-3,-9.5,16,,-16,6166418,,0,T,,,,,0,,,ON,,,T,0,16,2,
-78.36666666666666,44.233333333333334,,27.3,2007,2007-02-17 00:00:00,,1.2,PETERBOROUGH A,6166418.2007.2.17,,,-5,-9.3,17,,-13.5,6166418,,0,,,,,,1.2,,,ON,,,,0,15,2,
-78.36666666666666,44.233333333333334,,30.3,2007,2007-02-18 00:00:00,,0,PETERBOROUGH A,6166418.2007.2.18,,,-9.5,-12.3,18,,-15,6166418,,0,T,,,,,0,,,ON,,,T,0,16,2,
-78.36666666666666,44.233333333333334,,32.5,2007,2007-02-19 00:00:00,,1,PETERBOROUGH A,6166418.2007.2.19,,,2,-14.5,19,,-31,6166418,,0,,,,,,0.4,,,ON,,,,0,15,2,
-78.36666666666666,44.233333333333334,,23.3,2007,2007-02-20 00:00:00,,0,PETERBOROUGH A,6166418.2007.2.20,,,2.5,-5.3,20,,-13,6166418,,0,,,,,,0,,,ON,,,,0,15,2,
-78.36666666666666,44.233333333333334,,23,2007,2007-02-21 00:00:00,,0,PETERBOROUGH A,6166418.2007.2.21,,,4,-5,21,,-14,6166418,,0,,,,,,0,,,ON,,,,0,14,2,
-78.36666666666666,44.233333333333334,,21.5,2007,2007-02-22 00:00:00,,4,PETERBOROUGH A,6166418.2007.2.22,,,2,-3.5,22,,-9,6166418,,0,,,,,,4,,,ON,,,,0,12,2,
-78.36666666666666,44.233333333333334,,29.3,2007,2007-02-23 00:00:00,,0,PETERBOROUGH A,6166418.2007.2.23,,,-9.5,-11.3,23,,-13,6166418,,0,,,,,,0,,,ON,,,,0,15,2,
-78.36666666666666,44.233333333333334,,27.8,2007,2007-02-25 00:00:00,,0,PETERBOROUGH A,6166418.2007.2.25,,,-1,-9.8,25,,-18.5,6166418,,0,,,,,,0,,,ON,,,,0,11,2,
-78.36666666666666,44.233333333333334,,20.8,2007,2007-02-26 00:00:00,,0,PETERBOROUGH A,6166418.2007.2.26,,,0.5,-2.8,26,,-6,6166418,,0,T,,,,,0,,,ON,,,T,0,10,2,
-78.36666666666666,44.233333333333334,,21.8,2007,2007-02-27 00:00:00,,0,PETERBOROUGH A,6166418.2007.2.27,,,1.5,-3.8,27,,-9,6166418,,0,,,,,,0,,,ON,,,,0,10,2,
-78.36666666666666,44.233333333333334,,24,2007,2007-02-28 00:00:00,,0,PETERBOROUGH A,6166418.2007.2.28,,,2,-6,28,,-14,6166418,,0,,,,,,0,,,ON,,,,0,9,2,
-78.36666666666666,44.233333333333334,,28,2007,2007-03-01 00:00:00,,9,PETERBOROUGH A,6166418.2007.3.1,,,-2,-10,1,,-18,6166418,,12,,,,,,32.4,,,ON,,,,0,8,3,
-78.36666666666666,44.233333333333334,,19.5,2007,2007-03-02 00:00:00,,0,PETERBOROUGH A,6166418.2007.3.2,,,3,-1.5,2,,-6,6166418,,2,,,,,,2,,,ON,,,T,0,17,3,
-78.36666666666666,44.233333333333334,,19,2007,2007-03-03 00:00:00,,0,PETERBOROUGH A,6166418.2007.3.3,,,0.5,-1,3,,-2.5,6166418,,0,T,,,,,0,,,ON,,,T,0,16,3,
-78.36666666666666,44.233333333333334,,21.5,2007,2007-03-04 00:00:00,,0,PETERBOROUGH A,6166418.2007.3.4,,,-1.5,-3.5,4,,-5.5,6166418,,0,T,,,,,0,,,ON,,,T,0,15,3,
-78.36666666666666,44.233333333333334,,26.5,2007,2007-03-05 00:00:00,,0,PETERBOROUGH A,6166418.2007.3.5,,,-4.5,-8.5,5,,-12.5,6166418,,0,T,,,,,0,,,ON,,,T,0,15,3,
-78.36666666666666,44.233333333333334,,38,2007,2007-03-06 00:00:00,,0,PETERBOROUGH A,6166418.2007.3.6,,,-15,-20,6,,-25,6166418,,0,T,,,,,0,,,ON,,,T,0,15,3,
-78.36666666666666,44.233333333333334,,33.3,2007,2007-03-07 00:00:00,,0,PETERBOROUGH A,6166418.2007.3.7,,,-6.5,-15.3,7,,-24,6166418,,0,,,,,,0,,,ON,,,,0,15,3,
-78.36666666666666,44.233333333333334,,27.3,2007,2007-03-08 00:00:00,,0,PETERBOROUGH A,6166418.2007.3.8,,,-6.5,-9.3,8,,-12,6166418,,0,,,,,,0,,,ON,,,,0,15,3,
-78.36666666666666,44.233333333333334,,26.5,2007,2007-03-09 00:00:00,,0,PETERBOROUGH A,6166418.2007.3.9,,,-2,-8.5,9,,-15,6166418,,0,T,,,,T,0,,,ON,,,,0,15,3,
-78.36666666666666,44.233333333333334,,21,2007,2007-03-10 00:00:00,,1,PETERBOROUGH A,6166418.2007.3.10,,,6,-3,10,,-12,6166418,,0.6,,,,,,1.6,,,ON,,,,0,15,3,
-78.36666666666666,44.233333333333334,,17.2,2007,2007-03-12 00:00:00,,0,PETERBOROUGH A,6166418.2007.3.12,,,6.5,0.8,12,,-5,6166418,,0,T,,,,T,0,,,ON,,,,0,10,3,
-78.36666666666666,44.233333333333334,,11.2,2007,2007-03-13 00:00:00,,0,PETERBOROUGH A,6166418.2007.3.13,,,13,6.8,13,,0.5,6166418,,0,,,,,,0,,,ON,,,,0,7,3,
-78.36666666666666,44.233333333333334,,7.7,2007,2007-03-14 00:00:00,,0,PETERBOROUGH A,6166418.2007.3.14,,,14.5,10.3,14,,6,6166418,,4.4,,,,,,4.4,,,ON,,,,0,5,3,
-78.36666666666666,44.233333333333334,,16.7,2007,2007-03-15 00:00:00,,0,PETERBOROUGH A,6166418.2007.3.15,,,3,1.3,15,,-0.5,6166418,,0,,,,,,0,,,ON,,,,0,1,3,
-78.36666666666666,44.233333333333334,,23.5,2007,2007-03-16 00:00:00,,5,PETERBOROUGH A,6166418.2007.3.16,,,-3,-5.5,16,,-8,6166418,,0,,,,,,5.2,,,ON,,,,0,0,3,
-78.36666666666666,44.233333333333334,,21.5,2007,2007-03-17 00:00:00,,0,PETERBOROUGH A,6166418.2007.3.17,,,0.5,-3.5,17,,-7.5,6166418,,0,T,,,,,0,,,ON,,,T,0,6,3,
-78.36666666666666,44.233333333333334,,21.8,2007,2007-03-18 00:00:00,,0,PETERBOROUGH A,6166418.2007.3.18,,,0,-3.8,18,,-7.5,6166418,,0,,,,,,0,,,ON,,,,0,4,3,
-78.36666666666666,44.233333333333334,,23.8,2007,2007-03-19 00:00:00,,1,PETERBOROUGH A,6166418.2007.3.19,,,0.5,-5.8,19,,-12,6166418,,0,,,,,T,1.2,,,ON,,,,0,2,3,
-78.36666666666666,44.233333333333334,,26,2007,2007-03-20 00:00:00,,0,PETERBOROUGH A,6166418.2007.3.20,,,-3,-8,20,,-13,6166418,,0,,,,,,0,,,ON,,,,0,2,3,
-78.36666666666666,44.233333333333334,,20.8,2007,2007-03-21 00:00:00,,0,PETERBOROUGH A,6166418.2007.3.21,,,9,-2.8,21,,-14.5,6166418,,3.2,,,,,,3.2,,,ON,,,,0,1,3,
-78.36666666666666,44.233333333333334,,11.5,2007,2007-03-22 00:00:00,,0,PETERBOROUGH A,6166418.2007.3.22,,,13,6.5,22,,0,6166418,,0.4,,,,,,0.4,,,ON,,,,0,1,3,
-78.36666666666666,44.233333333333334,T,15.2,2007,2007-03-23 00:00:00,,0,PETERBOROUGH A,6166418.2007.3.23,,,9,2.8,23,,-3.5,6166418,,0,,,,,,0,,,ON,,,,0,0,3,
-78.36666666666666,44.233333333333334,T,18.3,2007,2007-03-24 00:00:00,,0,PETERBOROUGH A,6166418.2007.3.24,,,4,-0.3,24,,-4.5,6166418,,2.6,,,,,,2.6,,,ON,,,,0,0,3,
-78.36666666666666,44.233333333333334,T,16.2,2007,2007-03-25 00:00:00,,0,PETERBOROUGH A,6166418.2007.3.25,,,4,1.8,25,,-0.5,6166418,,0.2,,,,,,0.2,,,ON,,,,0,0,3,
-78.36666666666666,44.233333333333334,T,9.5,2007,2007-03-26 00:00:00,,0,PETERBOROUGH A,6166418.2007.3.26,,,15,8.5,26,,2,6166418,,5.8,,,,,,5.8,,,ON,,,,0,0,3,
-78.36666666666666,44.233333333333334,T,6.7,2007,2007-03-27 00:00:00,,0,PETERBOROUGH A,6166418.2007.3.27,,,16,11.3,27,,6.5,6166418,,0,,,,,,0,,,ON,,,,0,0,3,
-78.36666666666666,44.233333333333334,,13,2007,2007-03-28 00:00:00,,0,PETERBOROUGH A,6166418.2007.3.28,,,10,5,28,,0,6166418,,0,,,,,,0,,,ON,,,,0,0,3,
-78.36666666666666,44.233333333333334,,13.5,2007,2007-03-29 00:00:00,,0,PETERBOROUGH A,6166418.2007.3.29,,,11,4.5,29,,-2,6166418,,0,,,,,,0,,,ON,,,,0,0,3,
-78.36666666666666,44.233333333333334,,14,2007,2007-03-30 00:00:00,,0,PETERBOROUGH A,6166418.2007.3.30,,,13,4,30,,-5,6166418,,0,,,,,,0,,,ON,,,,0,0,3,
-78.36666666666666,44.233333333333334,,14.2,2007,2007-03-31 00:00:00,,0,PETERBOROUGH A,6166418.2007.3.31,,,9.5,3.8,31,,-2,6166418,,0.4,,,,,,0.4,,,ON,,,,0,0,3,
-78.36666666666666,44.233333333333334,,13.7,2007,2007-04-01 00:00:00,,0,PETERBOROUGH A,6166418.2007.4.1,,,8.5,4.3,1,,0,6166418,,4.6,,,,,,4.6,,,ON,,,,0,0,4,
-78.36666666666666,44.233333333333334,,11,2007,2007-04-02 00:00:00,,0,PETERBOROUGH A,6166418.2007.4.2,,,12.5,7,2,,1.5,6166418,,0.8,,,,,,0.8,,,ON,,,,0,0,4,
-78.36666666666666,44.233333333333334,,13.7,2007,2007-04-03 00:00:00,,0,PETERBOROUGH A,6166418.2007.4.3,,,8.5,4.3,3,,0,6166418,,22.2,,,,,,22.2,,,ON,,,,0,0,4,
-78.36666666666666,44.233333333333334,,12.7,2007,2007-04-04 00:00:00,,0,PETERBOROUGH A,6166418.2007.4.4,,,7.5,5.3,4,,3,6166418,,7.2,,,,,,7.2,,,ON,,,,0,0,4,
-78.36666666666666,44.233333333333334,,22,2007,2007-04-05 00:00:00,,1,PETERBOROUGH A,6166418.2007.4.5,,,-1.5,-4,5,,-6.5,6166418,,0,,,,,,1,,,ON,,,,0,0,4,
-78.36666666666666,44.233333333333334,T,23.3,2007,2007-04-06 00:00:00,,0,PETERBOROUGH A,6166418.2007.4.6,,,-2.5,-5.3,6,,-8,6166418,,0,T,,,,,0,,,ON,,,T,0,0,4,
-78.36666666666666,44.233333333333334,T,23.3,2007,2007-04-07 00:00:00,,1,PETERBOROUGH A,6166418.2007.4.7,,,-1.5,-5.3,7,,-9,6166418,,0,,,,,,0.8,,,ON,,,,0,0,4,
-78.36666666666666,44.233333333333334,T,20.5,2007,2007-04-08 00:00:00,,0,PETERBOROUGH A,6166418.2007.4.8,,,1,-2.5,8,,-6,6166418,,0,,,,,,0,,,ON,,,,0,0,4,
-78.36666666666666,44.233333333333334,,17.5,2007,2007-04-09 00:00:00,,0,PETERBOROUGH A,6166418.2007.4.9,,,5,0.5,9,,-4,6166418,,0,T,,,,,0,,,ON,,,T,0,0,4,
-78.36666666666666,44.233333333333334,,18.8,2007,2007-04-10 00:00:00,,0,PETERBOROUGH A,6166418.2007.4.10,,,4,-0.8,10,,-5.5,6166418,,0,,,,,,0,,,ON,,,,0,0,4,
-78.36666666666666,44.233333333333334,,19.3,2007,2007-04-11 00:00:00,,4,PETERBOROUGH A,6166418.2007.4.11,,,4.5,-1.3,11,,-7,6166418,,1.6,,,,,,5.6,,,ON,,,,0,0,4,
-78.36666666666666,44.233333333333334,,15.5,2007,2007-04-12 00:00:00,,0,PETERBOROUGH A,6166418.2007.4.12,,,4.5,2.5,12,,0.5,6166418,,4.4,,,,,,4.4,,,ON,,,T,0,4,4,
-78.36666666666666,44.233333333333334,T,15.2,2007,2007-04-13 00:00:00,,0,PETERBOROUGH A,6166418.2007.4.13,,,5,2.8,13,,0.5,6166418,,0.4,,,,,,0.4,,,ON,,,T,0,0,4,
-78.36666666666666,44.233333333333334,,14,2007,2007-04-14 00:00:00,,0,PETERBOROUGH A,6166418.2007.4.14,,,8,4,14,,0,6166418,,0,T,,,,,0,,,ON,,,T,0,0,4,
-78.36666666666666,44.233333333333334,T,15.7,2007,2007-04-15 00:00:00,,0,PETERBOROUGH A,6166418.2007.4.15,,,4,2.3,15,,0.5,6166418,,5.4,,,,,,5.4,,,ON,,,T,0,0,4,
-78.36666666666666,44.233333333333334,,15,2007,2007-04-16 00:00:00,,0,PETERBOROUGH A,6166418.2007.4.16,,,5,3,16,,1,6166418,,10.8,,,,,,10.8,,,ON,,,T,0,0,4,
-78.36666666666666,44.233333333333334,,12.7,2007,2007-04-17 00:00:00,,0,PETERBOROUGH A,6166418.2007.4.17,,,7.5,5.3,17,,3,6166418,,0,T,,,,T,0,,,ON,,,,0,0,4,
-78.36666666666666,44.233333333333334,,7.7,2007,2007-04-18 00:00:00,,0,PETERBOROUGH A,6166418.2007.4.18,,,15.5,10.3,18,,5,6166418,,0,,,,,,0,,,ON,,,,0,0,4,
-78.36666666666666,44.233333333333334,,8.5,2007,2007-04-19 00:00:00,,0,PETERBOROUGH A,6166418.2007.4.19,,,19,9.5,19,,0,6166418,,0,,,,,,0,,,ON,,,,0,0,4,
-78.36666666666666,44.233333333333334,,7.2,2007,2007-04-20 00:00:00,,0,PETERBOROUGH A,6166418.2007.4.20,,,23,10.8,20,,-1.5,6166418,,0,,,,,,0,,,ON,,,,0,0,4,
-78.36666666666666,44.233333333333334,,6,2007,2007-04-21 00:00:00,,0,PETERBOROUGH A,6166418.2007.4.21,,,23,12,21,,1,6166418,,0,,,,,,0,,,ON,,,,0,0,4,
-78.36666666666666,44.233333333333334,,6,2007,2007-04-22 00:00:00,,0,PETERBOROUGH A,6166418.2007.4.22,,,23,12,22,,1,6166418,,0,,,,,,0,,,ON,,,,0,0,4,
-78.36666666666666,44.233333333333334,,4.2,2007,2007-04-23 00:00:00,,0,PETERBOROUGH A,6166418.2007.4.23,,,22,13.8,23,,5.5,6166418,,9.2,,,,,,9.2,,,ON,,,,0,0,4,
-78.36666666666666,44.233333333333334,,9.5,2007,2007-04-24 00:00:00,,0,PETERBOROUGH A,6166418.2007.4.24,,,14.5,8.5,24,,2.5,6166418,,0,,,,,,0,,,ON,,,,0,0,4,
-78.36666666666666,44.233333333333334,,10.7,2007,2007-04-25 00:00:00,,0,PETERBOROUGH A,6166418.2007.4.25,,,14.5,7.3,25,,0,6166418,,0,,,,,,0,,,ON,,,,0,0,4,
-78.36666666666666,44.233333333333334,,11.7,2007,2007-04-26 00:00:00,,0,PETERBOROUGH A,6166418.2007.4.26,,,12.5,6.3,26,,0,6166418,,6,,,,,,6,,,ON,,,,0,0,4,
-78.36666666666666,44.233333333333334,,5.7,2007,2007-04-27 00:00:00,,0,PETERBOROUGH A,6166418.2007.4.27,,,16.5,12.3,27,,8,6166418,,7.5,,,,,,7.5,,,ON,,,,0,0,4,
-78.36666666666666,44.233333333333334,,8.2,2007,2007-04-28 00:00:00,,0,PETERBOROUGH A,6166418.2007.4.28,,,11,9.8,28,,8.5,6166418,,0,T,,,,T,0,,,ON,,,,0,0,4,
-78.36666666666666,44.233333333333334,,5.7,2007,2007-04-29 00:00:00,,0,PETERBOROUGH A,6166418.2007.4.29,,,20,12.3,29,,4.5,6166418,,1.2,,,,,,1.2,,,ON,,,,0,0,4,
-78.36666666666666,44.233333333333334,,6,2007,2007-04-30 00:00:00,,0,PETERBOROUGH A,6166418.2007.4.30,,,15,12,30,,9,6166418,,0,,,,,,0,,,ON,,,,0,0,4,
-78.36666666666666,44.233333333333334,,12,2007,2007-05-01 00:00:00,,0,PETERBOROUGH A,6166418.2007.5.1,,,12,6,1,,0,6166418,,2.2,,,,,,2.2,,,ON,,,,0,0,5,
-78.36666666666666,44.233333333333334,,8.7,2007,2007-05-02 00:00:00,,0,PETERBOROUGH A,6166418.2007.5.2,,,18,9.3,2,,0.5,6166418,,0.4,,,,,,0.4,,,ON,,,,0,0,5,
-78.36666666666666,44.233333333333334,,10,2007,2007-05-03 00:00:00,,0,PETERBOROUGH A,6166418.2007.5.3,,,17.5,8,3,,-1.5,6166418,,0,,,,,,0,,,ON,,,,0,0,5,
-78.36666666666666,44.233333333333334,,8.7,2007,2007-05-04 00:00:00,,0,PETERBOROUGH A,6166418.2007.5.4,,,19,9.3,4,,-0.5,6166418,,0,,,,,,0,,,ON,,,,0,0,5,
-78.36666666666666,44.233333333333334,,9.5,2007,2007-05-05 00:00:00,,0,PETERBOROUGH A,6166418.2007.5.5,,,17,8.5,5,,0,6166418,,0,,,,,,0,,,ON,,,,0,0,5,
-78.36666666666666,44.233333333333334,,7.5,2007,2007-05-06 00:00:00,,0,PETERBOROUGH A,6166418.2007.5.6,,,17,10.5,6,,4,6166418,,0,,,,,,0,,,ON,,,,0,0,5,
-78.36666666666666,44.233333333333334,,7.7,2007,2007-05-07 00:00:00,,0,PETERBOROUGH A,6166418.2007.5.7,,,20.5,10.3,7,,0,6166418,,0,,,,,,0,,,ON,,,,0,0,5,
-78.36666666666666,44.233333333333334,,4.5,2007,2007-05-08 00:00:00,,0,PETERBOROUGH A,6166418.2007.5.8,,,25,13.5,8,,2,6166418,,0,,,,,,0,,,ON,,,,0,0,5,
-78.36666666666666,44.233333333333334,,1.5,2007,2007-05-09 00:00:00,,0,PETERBOROUGH A,6166418.2007.5.9,,,25.5,16.5,9,,7.5,6166418,,0,T,,,,T,0,,,ON,,,,0,0,5,
-78.36666666666666,44.233333333333334,,0,2007,2007-05-10 00:00:00,,0,PETERBOROUGH A,6166418.2007.5.10,,,24,19,10,,14,6166418,,1.2,,,,,,1.2,,,ON,,,,1,0,5,
-78.36666666666666,44.233333333333334,,2,2007,2007-05-11 00:00:00,,0,PETERBOROUGH A,6166418.2007.5.11,,,22,16,11,,10,6166418,,0,,,,,,0,,,ON,,,,0,0,5,
-78.36666666666666,44.233333333333334,,7,2007,2007-05-12 00:00:00,,0,PETERBOROUGH A,6166418.2007.5.12,,,16,11,12,,6,6166418,,0,,,,,,0,,,ON,,,,0,0,5,
-78.36666666666666,44.233333333333334,,10.2,2007,2007-05-13 00:00:00,,0,PETERBOROUGH A,6166418.2007.5.13,,,17.5,7.8,13,,-2,6166418,,0,,,,,,0,,,ON,,,,0,0,5,
-78.36666666666666,44.233333333333334,,9,2007,2007-05-14 00:00:00,,0,PETERBOROUGH A,6166418.2007.5.14,,,18.5,9,14,,-0.5,6166418,,10.4,,,,,,10.4,,,ON,,,,0,0,5,
-78.36666666666666,44.233333333333334,,0.5,2007,2007-05-15 00:00:00,,0,PETERBOROUGH A,6166418.2007.5.15,,,27,17.5,15,,8,6166418,,35.8,,,,,,35.8,,,ON,,,,0,0,5,
-78.36666666666666,44.233333333333334,,8.7,2007,2007-05-16 00:00:00,,0,PETERBOROUGH A,6166418.2007.5.16,,,11,9.3,16,,7.5,6166418,,2.6,,,,,,2.6,,,ON,,,,0,0,5,
-78.36666666666666,44.233333333333334,,8.2,2007,2007-05-17 00:00:00,,0,PETERBOROUGH A,6166418.2007.5.17,,,13.5,9.8,17,,6,6166418,,0,,,,,,0,,,ON,,,,0,0,5,
-78.36666666666666,44.233333333333334,,9,2007,2007-05-18 00:00:00,,0,PETERBOROUGH A,6166418.2007.5.18,,,18,9,18,,0,6166418,,0,,,,,,0,,,ON,,,,0,0,5,
-78.36666666666666,44.233333333333334,,6.2,2007,2007-05-19 00:00:00,,0,PETERBOROUGH A,6166418.2007.5.19,,,23,11.8,19,,0.5,6166418,,0,T,,,,T,0,,,ON,,,,0,0,5,
-78.36666666666666,44.233333333333334,,4.7,2007,2007-05-20 00:00:00,,0,PETERBOROUGH A,6166418.2007.5.20,,,16,13.3,20,,10.5,6166418,,0,,,,,,0,,,ON,,,,0,0,5,
-78.36666666666666,44.233333333333334,,8,2007,2007-05-21 00:00:00,,0,PETERBOROUGH A,6166418.2007.5.21,,,18,10,21,,2,6166418,,0,,,,,,0,,,ON,,,,0,0,5,
-78.36666666666666,44.233333333333334,,7,2007,2007-05-22 00:00:00,,0,PETERBOROUGH A,6166418.2007.5.22,,,20,11,22,,2,6166418,,0,,,,,,0,,,ON,,,,0,0,5,
-78.36666666666666,44.233333333333334,,1.7,2007,2007-05-23 00:00:00,,0,PETERBOROUGH A,6166418.2007.5.23,,,27.5,16.3,23,,5,6166418,,0,,,,,,0,,,ON,,,,0,0,5,
-78.36666666666666,44.233333333333334,,0,2007,2007-05-24 00:00:00,,0,PETERBOROUGH A,6166418.2007.5.24,,,31.5,20.3,24,,9,6166418,,0,,,,,,0,,,ON,,,,2.3,0,5,
-78.36666666666666,44.233333333333334,,0,2007,2007-05-25 00:00:00,,0,PETERBOROUGH A,6166418.2007.5.25,,,27,19.5,25,,12,6166418,,0,T,,,,T,0,,,ON,,,,1.5,0,5,
-78.36666666666666,44.233333333333334,,3,2007,2007-05-26 00:00:00,,0,PETERBOROUGH A,6166418.2007.5.26,,,20.5,15,26,,9.5,6166418,,1.8,,,,,,1.8,,,ON,,,,0,0,5,
-78.36666666666666,44.233333333333334,,4.7,2007,2007-05-27 00:00:00,,0,PETERBOROUGH A,6166418.2007.5.27,,,18.5,13.3,27,,8,6166418,,7.4,,,,,,7.4,,,ON,,,,0,0,5,
-78.36666666666666,44.233333333333334,,5.5,2007,2007-05-28 00:00:00,,0,PETERBOROUGH A,6166418.2007.5.28,,,19,12.5,28,,6,6166418,,0,,,,,,0,,,ON,,,,0,0,5,
-78.36666666666666,44.233333333333334,,5.7,2007,2007-05-29 00:00:00,,0,PETERBOROUGH A,6166418.2007.5.29,,,21,12.3,29,,3.5,6166418,,0,,,,,,0,,,ON,,,,0,0,5,
-78.36666666666666,44.233333333333334,,0,2007,2007-05-30 00:00:00,,0,PETERBOROUGH A,6166418.2007.5.30,,,30,18.8,30,,7.5,6166418,,0,,,,,,0,,,ON,,,,0.8,0,5,
